predictor,level,arm,epoch,train_trajectories,AURC,K,KL,M,MAE,REL,REL_debiased,RES,SHARP,SHARP_star,UNC,UNC_debiased,VAR_debiased,acc@0.25,acc@0.5,acc@0.75,bias,brier_debiased,brier_debiased_se,brier_raw,decomp_gap,f1@0.25,f1@0.5,f1@0.75,log_score,log_score_climatology,log_score_oracle,mean_p_invalid,n_bins_used,n_points,prec@0.25,prec@0.5,prec@0.75,rec@0.25,rec@0.5,rec@0.75,risk@0.2,risk@0.5,risk@0.8,risk@1,roa_frac_pred@0.25,roa_frac_pred@0.5,roa_frac_pred@0.75,roa_frac_true@0.25,roa_frac_true@0.5,roa_frac_true@0.75,run_dir,sAUROC,skill_score
clf,noisy_dynamics_f_0.048,clf_dir00,0,10000,0.012308844748526983,1.0,0.14042927589826912,100.0,0.10384541521010375,0.00047471853304691315,0.00047471853304691315,0.05276011385214398,0.06774544548816004,0.04125958820528517,0.09165335580516278,0.09124075992310993,0.09124075992310987,0.8879555555555556,0.9004161616161617,0.9072545454545454,-0.01012613408484575,0.03860065303579238,0.0001005143300580293,0.03901324891784525,-0.0003547115682204574,0.7250586199887965,0.6823942527624755,0.5043776786967364,0.26514291031103954,0.4350273865600431,0.12546324158407363,0.0,20,990000,0.7502603271658451,0.9040322993666456,0.8277230529374247,0.7014949711989026,0.5480347311338328,0.36269349604856616,0.0012016213162517884,0.007729694597032397,0.025082032168624677,0.038600653035796094,0.19691616161616163,0.11833737373737374,0.05701414141414141,0.21060505050505052,0.1952080808080808,0.13011515151515152,/common/users/shared/pracsys/adaptive_roa_experiments/quadrotor_stoch/q3d_nd048_clf_dir00,0.9066593724500537,0.5769363049110747
clf,noisy_dynamics_f_0.048,clf_dir00,1,15000,0.010667192135512602,1.0,0.12817630777510264,100.0,0.09821649795597404,0.000491683903813488,0.000491683903813488,0.05618115842235176,0.06695578105957516,0.04125958820528517,0.09165335580516278,0.09124075992310993,0.09124075992310987,0.8971858585858585,0.9091252525252526,0.9077959595959596,-0.007247038423714597,0.035186731365416515,9.507165594618567e-05,0.035599327247469364,-0.0003645540391551405,0.7479795979003664,0.7166514440490063,0.5161098800903298,0.2528899421878232,0.4350273865600431,0.12546324158407363,0.0,20,990000,0.7730895020498411,0.9156405427591868,0.8136658420806312,0.7244495177434904,0.5887113466076086,0.3779092334684118,0.0008484161694866089,0.00598956744455118,0.022380593024633036,0.03518673136541979,0.19735454545454545,0.1255090909090909,0.06043232323232323,0.21060505050505052,0.1952080808080808,0.13011515151515152,/common/users/shared/pracsys/adaptive_roa_experiments/quadrotor_stoch/q3d_nd048_clf_dir00,0.9160289512008184,0.6143529339840115
clf,noisy_dynamics_f_0.048,clf_dir00,2,20000,0.010183518089410738,1.0,0.12428652066648653,100.0,0.09540547922551741,0.0007522853175562233,0.0007522853175562233,0.05747067621154467,0.06533641755798555,0.04125958820528517,0.09165335580516278,0.09124075992310993,0.09124075992310987,0.9016838383838384,0.9091616161616162,0.9026868686868686,-0.01468381725660202,0.03419093024575113,9.33366956993948e-05,0.034603526127803964,-0.000331438783370365,0.7553654325145588,0.7117110763470367,0.46364547377797577,0.24900015507909162,0.4350273865600431,0.12546324158407363,0.0,20,990000,0.7935122404579347,0.9352841062280939,0.8195882376097311,0.7207180849788248,0.5744038994908308,0.3232567888583539,0.0005132922264468038,0.005319269818498137,0.022358889171449,0.034190930245753086,0.19128484848484847,0.11988686868686868,0.05131919191919192,0.21060505050505052,0.1952080808080808,0.13011515151515152,/common/users/shared/pracsys/adaptive_roa_experiments/quadrotor_stoch/q3d_nd048_clf_dir00,0.9199897274342249,0.6252669281298797
clf,noisy_dynamics_f_0.048,clf_dir00,3,25000,0.009271492110533052,1.0,0.11757992545376261,100.0,0.0933319518804658,0.0008015172270960006,0.0008015172270960006,0.05913228445140599,0.0655315008632907,0.04125958820528517,0.09165335580516278,0.09124075992310993,0.09124075992310987,0.9059080808080808,0.9121363636363636,0.9035414141414141,-0.013136025465732653,0.032559944909960455,8.958221522098208e-05,0.03297254079201331,-0.000350047788839479,0.7672289927358235,0.7228020305862635,0.47174925597707634,0.24229355986636394,0.4350273865600431,0.12546324158407363,0.0,20,990000,0.8008806160138562,0.9407938943962836,0.8206312548113934,0.7362913011573197,0.5868278345821087,0.33101992019500986,0.00025944000005308053,0.004331998267977213,0.020629852228012783,0.03255994490996241,0.19362020202020203,0.12176262626262627,0.05248484848484848,0.21060505050505052,0.1952080808080808,0.13011515151515152,/common/users/shared/pracsys/adaptive_roa_experiments/quadrotor_stoch/q3d_nd048_clf_dir00,0.9247208416944508,0.6431425501343997
clf,noisy_dynamics_f_0.048,clf_dir00,4,30000,0.009007836216884531,1.0,0.11542522889829455,100.0,0.09185552736035803,0.0013031066040107811,0.0013031066040107811,0.059835095855241965,0.06410665067234529,0.04125958820528517,0.09165335580516278,0.09124075992310993,0.09124075992310987,0.9092989898989899,0.9092121212121212,0.9005888888888889,-0.01916211291234016,0.0323721709955769,8.961346749961023e-05,0.03278476687762974,-0.0003365996763018547,0.7711683426689976,0.7082405489804001,0.44082203144264587,0.24013886331082285,0.4350273865600431,0.12546324158407363,0.0,20,990000,0.8227380738759019,0.9502203717575737,0.8220771790035813,0.725682137564209,0.5644895889390239,0.3011551539428944,0.0002288692637800622,0.0037989361299660524,0.020493319077119095,0.032372170995578785,0.18576060606060607,0.11596565656565656,0.047665656565656564,0.21060505050505052,0.1952080808080808,0.13011515151515152,/common/users/shared/pracsys/adaptive_roa_experiments/quadrotor_stoch/q3d_nd048_clf_dir00,0.9274654820040881,0.645200554852267
clf,noisy_dynamics_f_0.048,clf_dir00,5,35000,0.008596590713230953,1.0,0.11174259727812319,100.0,0.08959417802624858,0.0011602152276457443,0.0011602152276457443,0.06099079423810913,0.06421355817936743,0.04125958820528517,0.09165335580516278,0.09124075992310993,0.09124075992310987,0.9115484848484848,0.9130070707070707,0.9005151515151515,-0.01787684053044832,0.0310721182890163,8.706797474123518e-05,0.03148471417106915,-0.0003380626236302378,0.7795287287156232,0.7237052745045828,0.43852828166508945,0.2364562316906164,0.4350273865600431,0.12546324158407363,0.0,20,990000,0.8204651212092303,0.9522249706629745,0.8253648068669528,0.7424831773773495,0.5836403526928012,0.2985855574704613,0.0001789801522343095,0.0035784369213909335,0.01969503794574983,0.031072118289019016,0.19058787878787878,0.11964747474747475,0.04707070707070707,0.21060505050505052,0.1952080808080808,0.13011515151515152,/common/users/shared/pracsys/adaptive_roa_experiments/quadrotor_stoch/q3d_nd048_clf_dir00,0.929656402775617,0.6594491506295947
clf,noisy_dynamics_f_0.048,clf_dir00,6,40000,0.007962379947467292,1.0,0.10716387004328859,100.0,0.08713225658574383,0.0005951971706341026,0.0005951971706341026,0.061839467122468135,0.06482322961005288,0.04125958820528517,0.09165335580516278,0.09124075992310993,0.09124075992310987,0.9115717171717171,0.9201212121212121,0.9037666666666667,-0.009302707047800153,0.029615979842184587,8.459723760317416e-05,0.030028575724237443,-0.0003805101290913007,0.7856257805421554,0.7556770785058856,0.48409298900182496,0.2318775044557737,0.4350273865600431,0.12546324158407363,0.0,20,990000,0.8025826658194536,0.9377444139432883,0.8002793046031547,0.7693705965016618,0.6328134702156725,0.3469964444858478,0.0001304447148198514,0.003163008218318618,0.018157887264928695,0.029615979842186474,0.20188989898989898,0.13173131313131314,0.05641717171717172,0.21060505050505052,0.1952080808080808,0.13011515151515152,/common/users/shared/pracsys/adaptive_roa_experiments/quadrotor_stoch/q3d_nd048_clf_dir00,0.9318158324110962,0.6754084482950112
clf,noisy_dynamics_f_0.048,clf_dir00,7,45000,0.007715932763314563,1.0,0.10535427629733968,100.0,0.08595656729939948,0.0007240710340260372,0.0007240710340260372,0.06234236871623296,0.06396132731502545,0.04125958820528517,0.09165335580516278,0.09124075992310993,0.09124075992310987,0.9131252525252526,0.9193606060606061,0.905089898989899,-0.011544880157583592,0.029244247450206554,8.368585569605217e-05,0.029656843332259392,-0.0003782147906964649,0.7881771700473859,0.7512982906488805,0.49140166174997973,0.23006791070976002,0.4350273865600431,0.12546324158407363,0.0,20,990000,0.8100633324727002,0.9439499620331446,0.811571400475586,0.7674425297003823,0.6239547543155193,0.35238405763348707,0.00010844923385591956,0.002849521783666853,0.017743491047069133,0.029244247450207955,0.19952424242424244,0.12903333333333333,0.05649595959595959,0.21060505050505052,0.1952080808080808,0.13011515151515152,/common/users/shared/pracsys/adaptive_roa_experiments/quadrotor_stoch/q3d_nd048_clf_dir00,0.9334878636533582,0.6794826404903775
clf,noisy_dynamics_f_0.048,clf_dir00,8,50000,0.007439855625079598,1.0,0.10238066263422192,100.0,0.08260904000106423,0.001000113642214837,0.001000113642214837,0.06350530281694403,0.06128496570168665,0.04125958820528517,0.09165335580516278,0.09124075992310993,0.09124075992310987,0.9182505050505051,0.921170707070707,0.9051535353535354,-0.015427170242536658,0.028348610021613544,8.393508333233584e-05,0.028761205903666407,-0.0003869607267671764,0.7968084679039127,0.7569217543520852,0.4912442296439175,0.22709429704658884,0.4350273865600431,0.12546324158407363,0.0,20,990000,0.8360475224572588,0.9507734923355008,0.8131479820627803,0.761087583153876,0.628730802665894,0.3519260328846243,0.00010608585152485639,0.0024804317865246674,0.017642662904170978,0.028348610021616295,0.1917222222222222,0.12908787878787878,0.056313131313131315,0.21060505050505052,0.1952080808080808,0.13011515151515152,/common/users/shared/pracsys/adaptive_roa_experiments/quadrotor_stoch/q3d_nd048_clf_dir00,0.9359024502628742,0.689298839186528
clf,noisy_dynamics_f_0.048,clf_dir00,9,55000,0.006800347118949342,1.0,0.09805295474975183,100.0,0.08318503940448405,0.0008513353758674974,0.0008513353758674974,0.06432307569222656,0.06371610169365934,0.04125958820528517,0.09165335580516278,0.09124075992310993,0.09124075992310987,0.9185262626262626,0.9231737373737374,0.9042272727272728,-0.009438530612812775,0.02743835708287564,7.935405644396348e-05,0.027850952964928503,-0.0003306625238752095,0.8032059336610835,0.7658183027384523,0.49075391944657787,0.2227665891620986,0.4350273865600431,0.12546324158407363,0.0,20,990000,0.8174319398508189,0.9455316819488162,0.7962979101668032,0.78946661614684,0.6435091277890467,0.3546664182464639,7.303506186170423e-05,0.0020890365280708104,0.01579056823392676,0.027438357082876997,0.2034,0.13285454545454545,0.057952525252525255,0.21060505050505052,0.1952080808080808,0.13011515151515152,/common/users/shared/pracsys/adaptive_roa_experiments/quadrotor_stoch/q3d_nd048_clf_dir00,0.9385068574660036,0.6992752240775022
clf,noisy_dynamics_f_0.048,clf_dir00,10,60000,0.006929005938128136,1.0,0.09750614174297802,100.0,0.08283438303356352,0.0009396354398305733,0.0009396354398305733,0.06445879047372978,0.06402793827696888,0.04125958820528517,0.09165335580516278,0.09124075992310993,0.09124075992310987,0.9195464646464646,0.9219969696969696,0.9023343434343435,-0.01324446446828332,0.027338703298030703,7.951323424770424e-05,0.027751299180083552,-0.00038290159118001266,0.8025082878133811,0.7593481898837924,0.46293735037465344,0.222219776155364,0.4350273865600431,0.12546324158407363,0.0,20,990000,0.8307170283977742,0.9545500842245466,0.8136043265194557,0.7761524036086505,0.6304280332822785,0.3235052090611269,4.572717400077794e-05,0.0020880292868189552,0.01659967969003248,0.027338703298032646,0.19677171717171718,0.1289242424242424,0.051736363636363636,0.21060505050505052,0.1952080808080808,0.13011515151515152,/common/users/shared/pracsys/adaptive_roa_experiments/quadrotor_stoch/q3d_nd048_clf_dir00,0.9386068740540648,0.7003674309478627
clf,noisy_dynamics_f_0.048,clf_dir00,11,65000,0.006792161470256218,1.0,0.09651180089778505,100.0,0.08065209804323752,0.001212587317789573,0.001212587317789573,0.06499510059704786,0.06154678019072017,0.04125958820528517,0.09165335580516278,0.09124075992310993,0.09124075992310987,0.9220202020202021,0.9220373737373737,0.9031070707070707,-0.016591820177729262,0.027070639082864646,8.026167256713383e-05,0.027483234964917495,-0.00038760756098699806,0.8061752757985227,0.7586832207252979,0.47081085255922234,0.22122543531008765,0.4350273865600431,0.12546324158407363,0.0,20,990000,0.8458895989968335,0.9584784927124067,0.8135247464348356,0.7700228778075674,0.6278149190710767,0.3312605772664462,4.352919729240904e-05,0.001885657446155192,0.01646589457225835,0.02707063908286672,0.19171616161616162,0.12786363636363637,0.05298181818181818,0.21060505050505052,0.1952080808080808,0.13011515151515152,/common/users/shared/pracsys/adaptive_roa_experiments/quadrotor_stoch/q3d_nd048_clf_dir00,0.9399116645329562,0.7033054184809779
clf,noisy_dynamics_f_0.048,clf_dir00,12,70000,0.0065306645780932315,1.0,0.09464294217402525,100.0,0.07983111454274668,0.0013017546902820058,0.0013017546902820058,0.06557837982241291,0.06113935566355109,0.04125958820528517,0.09165335580516278,0.09124075992310993,0.09124075992310987,0.9231525252525252,0.923389898989899,0.901439393939394,-0.016636950657488322,0.026623058903550576,7.910203126035576e-05,0.02703565478560344,-0.00034107588742842906,0.809746850953904,0.7640066960812989,0.4572502906346124,0.21935657658628094,0.4350273865600431,0.12546324158407363,0.0,20,990000,0.8459536847385362,0.9581895946177981,0.8064750318846267,0.776512117564113,0.6352661754356915,0.319080224199233,3.527896499783827e-05,0.001580252494858498,0.015875781041109715,0.026623058903552252,0.19331717171717172,0.12942020202020202,0.05147979797979798,0.21060505050505052,0.1952080808080808,0.13011515151515152,/common/users/shared/pracsys/adaptive_roa_experiments/quadrotor_stoch/q3d_nd048_clf_dir00,0.9414061258468496,0.7082109034823222
clf,noisy_dynamics_f_0.048,clf_dir00,13,75000,0.005940834920813632,1.0,0.09247444856214682,100.0,0.07931655459828527,0.0009264588747686921,0.0009264588747686921,0.06604131240028877,0.060944074997688065,0.04125958820528517,0.09165335580516278,0.09124075992310993,0.09124075992310987,0.9237383838383838,0.9271525252525252,0.9077,-0.006010548826294329,0.025805907775455387,7.661426810604818e-05,0.026218503657508236,-0.00031999862213446736,0.8177686379292449,0.7828192333521045,0.5296076846651601,0.21718808297442435,0.4350273865600431,0.12546324158407363,0.0,20,990000,0.8231229713708188,0.9363316115925742,0.7860275354124964,0.8124835131103746,0.6725535041602848,0.39933547595758223,4.106732374263542e-05,0.0015457645825641272,0.013690184370542641,0.025805907775457333,0.20788282828282828,0.14021515151515151,0.0661040404040404,0.21060505050505052,0.1952080808080808,0.13011515151515152,/common/users/shared/pracsys/adaptive_roa_experiments/quadrotor_stoch/q3d_nd048_clf_dir00,0.9427602350092198,0.7171668912314797
clf,noisy_dynamics_f_0.048,clf_dir00,14,80000,0.005721948596766715,1.0,0.08855378312399574,100.0,0.07817554833952368,0.000538704362989281,0.000538704362989281,0.06669839356226807,0.06343153133760936,0.04125958820528517,0.09165335580516278,0.09124075992310993,0.09124075992310987,0.923259595959596,0.9312,0.9106585858585858,-0.0025345761864289896,0.024660818688062008,7.397254412834182e-05,0.025073414570114853,-0.0004202520357691267,0.8173809369283614,0.7966259592129228,0.5523524171997732,0.2132674175363678,0.4350273865600431,0.12546324158407363,0.0,20,990000,0.8193089822667695,0.9417242012226975,0.7934855314817507,0.815461944661605,0.6902709359605911,0.4236185507786421,5.016394129383651e-05,0.0014499390390463277,0.013383987427540855,0.024660818688063746,0.20961616161616162,0.14308484848484848,0.06946464646464647,0.21060505050505052,0.1952080808080808,0.13011515151515152,/common/users/shared/pracsys/adaptive_roa_experiments/quadrotor_stoch/q3d_nd048_clf_dir00,0.9435628580834696,0.7297170835836517
clf,noisy_dynamics_f_0.048,clf_dir00,15,85000,0.0058054887530649074,1.0,0.0881533089794258,100.0,0.07626869789645596,0.0011102317674236946,0.0011102317674236946,0.06724771039279556,0.060290566993632846,0.04125958820528517,0.09165335580516278,0.09124075992310993,0.09124075992310987,0.9273161616161616,0.9283606060606061,0.9057838383838384,-0.012665881170777394,0.024708171168553658,7.545448717658423e-05,0.025120767050606504,-0.00039511012918440683,0.8216860244683934,0.7833545631993255,0.5027031061728922,0.21286694339168327,0.4350273865600431,0.12546324158407363,0.0,20,990000,0.8500323007352263,0.9560818116066302,0.8024783822427998,0.7951692813874407,0.6634878089166701,0.36598506373530826,5.395313003029114e-05,0.0013290837629130702,0.013990961636135467,0.0247081711685554,0.19701212121212122,0.13546767676767676,0.05934141414141414,0.21060505050505052,0.1952080808080808,0.13011515151515152,/common/users/shared/pracsys/adaptive_roa_experiments/quadrotor_stoch/q3d_nd048_clf_dir00,0.9447867565668927,0.7291980997377088
clf,noisy_dynamics_f_0.048,clf_epi_bald,0,10000,0.012218821901803473,1.0,0.13996585355577146,100.0,0.10424149263471301,0.00043403781515390755,0.00043403781515390755,0.05274949832051684,0.06850867996332363,0.04125958820528517,0.09165335580516278,0.09124075992310993,0.09124075992310987,0.8870565656565657,0.9013141414141415,0.9081949494949495,-0.007384194880645281,0.03854419303019847,0.00010012396076533998,0.03895678891225135,-0.0003811063875484924,0.7250633160392437,0.6880031679019994,0.5151477970477935,0.2646794879685657,0.4350273865600431,0.12546324158407363,0.0,20,990000,0.7439187450489679,0.8985360970930475,0.8233939869370215,0.7071400822066293,0.5574005464254668,0.3748272703277594,0.001189746641897187,0.007752189300723287,0.024768714991830948,0.03854419303020127,0.20019292929292928,0.12109595959595959,0.059231313131313135,0.21060505050505052,0.1952080808080808,0.13011515151515152,/common/users/shared/pracsys/adaptive_roa_experiments/quadrotor_stoch/q3d_nd048_clf_epi_bald,0.9067055062935375,0.5775551073590321
clf,noisy_dynamics_f_0.048,clf_epi_var,0,10000,0.012218821901803473,1.0,0.13996585355577146,100.0,0.10424149263471301,0.00043403781515390755,0.00043403781515390755,0.05274949832051684,0.06850867996332363,0.04125958820528517,0.09165335580516278,0.09124075992310993,0.09124075992310987,0.8870565656565657,0.9013141414141415,0.9081949494949495,-0.007384194880645281,0.03854419303019847,0.00010012396076533998,0.03895678891225135,-0.0003811063875484924,0.7250633160392437,0.6880031679019994,0.5151477970477935,0.2646794879685657,0.4350273865600431,0.12546324158407363,0.0,20,990000,0.7439187450489679,0.8985360970930475,0.8233939869370215,0.7071400822066293,0.5574005464254668,0.3748272703277594,0.001189746641897187,0.007752189300723287,0.024768714991830948,0.03854419303020127,0.20019292929292928,0.12109595959595959,0.059231313131313135,0.21060505050505052,0.1952080808080808,0.13011515151515152,/common/users/shared/pracsys/adaptive_roa_experiments/quadrotor_stoch/q3d_nd048_clf_epi_var,0.9067055062935375,0.5775551073590321
clf,noisy_dynamics_f_0.048,clf_epi_var,1,15000,0.010070590998370571,1.0,0.12125499792086414,100.0,0.0927157413619538,0.0010847151873575787,0.0010847151873575787,0.05886805714608599,0.06462089804498883,0.04125958820528517,0.09165335580516278,0.09124075992310993,0.09124075992310987,0.908279797979798,0.9100060606060606,0.8959202020202021,-0.019553231010496136,0.03309227873200192,9.239356819059662e-05,0.033504874614054776,-0.00036513923237958823,0.7684666008807158,0.7131607245191657,0.39640557908487545,0.24596863233342475,0.4350273865600431,0.12546324158407363,0.0,20,990000,0.8203797868054573,0.943809118023008,0.8076142737796873,0.7227324831294155,0.5731051041106098,0.2626655487757542,0.0007188425933493564,0.005265814932638474,0.022131290644823484,0.03309227873200434,0.18553737373737375,0.11853535353535354,0.04231818181818182,0.21060505050505052,0.1952080808080808,0.13011515151515152,/common/users/shared/pracsys/adaptive_roa_experiments/quadrotor_stoch/q3d_nd048_clf_epi_var,0.9222904934815179,0.6373081640279044
clf,noisy_dynamics_f_0.048,clf_epi_var,2,20000,0.00961859305536324,1.0,0.12143025225346107,100.0,0.0855044637542121,0.0032366345045358553,0.0032366345045358553,0.06161044558587387,0.05627092329403316,0.04125958820528517,0.09165335580516278,0.09124075992310993,0.09124075992310987,0.917010101010101,0.9098434343434344,0.8891818181818182,-0.036332608048721786,0.03249908641216229,9.582255149049069e-05,0.03291168229421515,-0.00036786242960960835,0.7798900521877042,0.7068136950573365,0.31039034508768615,0.24614388666569703,0.4350273865600431,0.12546324158407363,0.0,20,990000,0.8833821896109099,0.9677355520575669,0.8154974237019421,0.6981040676454083,0.5567123401084572,0.19167171270203548,0.000368632769541915,0.004168310316180801,0.022435880950585414,0.03249908641216399,0.16643333333333332,0.1122979797979798,0.030581818181818182,0.21060505050505052,0.1952080808080808,0.13011515151515152,/common/users/shared/pracsys/adaptive_roa_experiments/quadrotor_stoch/q3d_nd048_clf_epi_var,0.9288415421518438,0.6438095601181992
clf,noisy_dynamics_f_0.048,clf_epi_var,3,25000,0.008588884565606573,1.0,0.11115286055469449,100.0,0.08417275848839503,0.003006695673804103,0.003006695673804103,0.06339078128676533,0.05851438521547567,0.04125958820528517,0.09165335580516278,0.09124075992310993,0.09124075992310987,0.9209010101010101,0.9128262626262627,0.8892444444444444,-0.03247830839708481,0.030491842903459798,9.007276211492163e-05,0.030904438785512644,-0.00036483140668890426,0.7929466264059947,0.718744907869094,0.31409125598969084,0.23586649496697057,0.4350273865600431,0.12546324158407363,0.0,20,990000,0.8835848511811812,0.9707896821903337,0.8086908903491818,0.719173713063372,0.5706006540547254,0.19489341220674772,0.00019853310484329095,0.003290583262628349,0.020470605068405815,0.030491842903461852,0.17141717171717172,0.11473737373737374,0.03135757575757576,0.21060505050505052,0.1952080808080808,0.13011515151515152,/common/users/shared/pracsys/adaptive_roa_experiments/quadrotor_stoch/q3d_nd048_clf_epi_var,0.933696974380087,0.6658089769401769
clf,noisy_dynamics_f_0.048,clf_epi_var,4,30000,0.007853796924335858,1.0,0.10339139859412624,100.0,0.08180001024605081,0.002433753485208735,0.002433753485208735,0.06476243335690594,0.05987228683201587,0.04125958820528517,0.09165335580516278,0.09124075992310993,0.09124075992310987,0.9237585858585858,0.9186141414141414,0.890530303030303,-0.027834496629036122,0.028515695833786374,8.575180094902199e-05,0.028928291715839244,-0.0003963842176263263,0.8027718912252187,0.742663685723411,0.33271967145487125,0.22810503300642906,0.4350273865600431,0.12546324158407363,0.0,20,990000,0.8818025258323766,0.9701278328493709,0.8041608381201821,0.7367421426481662,0.6016061597052614,0.2097520455851072,0.00015892914662681928,0.0027782360299059656,0.01911528679408655,0.028515695833788792,0.17595959595959595,0.12105454545454546,0.03393838383838384,0.21060505050505052,0.1952080808080808,0.13011515151515152,/common/users/shared/pracsys/adaptive_roa_experiments/quadrotor_stoch/q3d_nd048_clf_epi_var,0.9369835749193464,0.6874675763571343
clf,noisy_dynamics_f_0.048,clf_epi_var,5,35000,0.006900412592431239,1.0,0.09797400163311554,100.0,0.07932927126334136,0.0030077025864404727,0.0030077025864404727,0.06649294666822853,0.05814770328031745,0.04125958820528517,0.09165335580516278,0.09124075992310993,0.09124075992310987,0.9279252525252525,0.917730303030303,0.8915575757575758,-0.028969960294718683,0.027447352964342142,8.19951293574019e-05,0.02785994884639501,-0.0003081628769797083,0.8158169165324413,0.7391216612268299,0.3494795011936934,0.22268763604524372,0.4350273865600431,0.12546324158407363,0.0,20,990000,0.8832814447568317,0.9699950398076455,0.7961899503036997,0.7579268965318778,0.5970215672475887,0.22387318148648438,9.63127687843463e-05,0.0019044359689803678,0.01671646901774179,0.027447352964343356,0.1807161616161616,0.12014848484848485,0.03658585858585858,0.21060505050505052,0.1952080808080808,0.13011515151515152,/common/users/shared/pracsys/adaptive_roa_experiments/quadrotor_stoch/q3d_nd048_clf_epi_var,0.9421136977751271,0.6991766290912911
clf,noisy_dynamics_f_0.048,clf_epi_var,6,40000,0.006738070023711611,1.0,0.09372985710888061,100.0,0.07933842121294356,0.002954773293341518,0.002954773293341518,0.06731664464419838,0.060687504878134284,0.04125958820528517,0.09165335580516278,0.09124075992310993,0.09124075992310987,0.9293585858585859,0.9213161616161616,0.8868080808080808,-0.028354071893738415,0.026484716788728564,7.930309006120078e-05,0.02689731267078141,-0.000394171783524494,0.8191786701416629,0.7518041885851019,0.2839067532334748,0.21844349152110568,0.4350273865600431,0.12546324158407363,0.0,20,990000,0.8886482969079568,0.9782830418667131,0.802702898027029,0.7597830205420649,0.6104752245725876,0.17245019951247534,0.00012179993550871786,0.0017641884851118618,0.016772252318009863,0.026484716788730676,0.18006464646464646,0.12181515151515152,0.027953535353535352,0.21060505050505052,0.1952080808080808,0.13011515151515152,/common/users/shared/pracsys/adaptive_roa_experiments/quadrotor_stoch/q3d_nd048_clf_epi_var,0.9434902594379395,0.7097271349882697
clf,noisy_dynamics_f_0.048,clf_epi_var,7,45000,0.006221068644111549,1.0,0.08947969298889573,100.0,0.07599554999250654,0.002928524078578233,0.002928524078578233,0.0686105968492308,0.05921177784094526,0.04125958820528517,0.09165335580516278,0.09124075992310993,0.09124075992310987,0.9324737373737374,0.9245989898989899,0.887650505050505,-0.027870280381689684,0.02521477733006766,7.725704880473523e-05,0.025627373212120507,-0.00034390982238969095,0.8280081402259402,0.7650859288211656,0.30065893714946806,0.2141933274010309,0.4350273865600431,0.12546324158407363,0.0,20,990000,0.8930561413634648,0.9763145847221442,0.7909030764141581,0.7717926704684435,0.6289998758123939,0.1856087071281072,8.73077447667086e-05,0.0013949264956630357,0.01564897360356093,0.02521477733006935,0.1820080808080808,0.12576464646464647,0.030535353535353537,0.21060505050505052,0.1952080808080808,0.13011515151515152,/common/users/shared/pracsys/adaptive_roa_experiments/quadrotor_stoch/q3d_nd048_clf_epi_var,0.946022478184684,0.7236456891490537
clf,noisy_dynamics_f_0.048,clf_epi_var,8,50000,0.005896223478957118,1.0,0.08586298562276491,100.0,0.07715047179300158,0.0026997815511643386,0.0026997815511643386,0.06910224096664296,0.06226393903896228,0.04125958820528517,0.09165335580516278,0.09124075992310993,0.09124075992310987,0.9331131313131313,0.9254424242424243,0.8871878787878787,-0.024412686191757706,0.02446994095208139,7.3279518915041e-05,0.024882536834134262,-0.00036835955554989294,0.8321614867159738,0.7682308020799316,0.28812003620463267,0.21057662003497862,0.4350273865600431,0.12546324158407363,0.0,20,990000,0.8824038487381407,0.9769518272425249,0.8051082929609575,0.7873323133444285,0.6329945771412013,0.17545453133976122,6.80264258798158e-05,0.001286556021961194,0.014805932229789267,0.02446994095208293,0.18791414141414142,0.12648080808080808,0.028355555555555554,0.21060505050505052,0.1952080808080808,0.13011515151515152,/common/users/shared/pracsys/adaptive_roa_experiments/quadrotor_stoch/q3d_nd048_clf_epi_var,0.9473758965831713,0.7318091062294678
clf,noisy_dynamics_f_0.048,clf_epi_var,9,55000,0.0058121026841239515,1.0,0.08500882103872658,100.0,0.07508990102601319,0.0032196135418850707,0.0032196135418850707,0.06975594562894266,0.05986484147268128,0.04125958820528517,0.09165335580516278,0.09124075992310993,0.09124075992310987,0.9348898989898989,0.9254808080808081,0.8865191919191919,-0.028519889278505357,0.024319204054481524,7.450167138232536e-05,0.02473179993653438,-0.0003852237815708086,0.8341843756350662,0.7676263071689555,0.27574780814853017,0.20972245545086995,0.4350273865600431,0.12546324158407363,0.0,20,990000,0.8995783399911229,0.9809135110767645,0.8130084391393598,0.7776536098494478,0.6305263484704227,0.1660300898970609,6.110898457762044e-05,0.0010996341954554564,0.014902631210399747,0.024319204054483082,0.18206060606060606,0.12547878787878788,0.026571717171717173,0.21060505050505052,0.1952080808080808,0.13011515151515152,/common/users/shared/pracsys/adaptive_roa_experiments/quadrotor_stoch/q3d_nd048_clf_epi_var,0.9487445415918542,0.7334611847273551
clf,noisy_dynamics_f_0.048,clf_yield,0,10000,0.012218821901803473,1.0,0.13996585355577146,100.0,0.10424149263471301,0.00043403781515390755,0.00043403781515390755,0.05274949832051684,0.06850867996332363,0.04125958820528517,0.09165335580516278,0.09124075992310993,0.09124075992310987,0.8870565656565657,0.9013141414141415,0.9081949494949495,-0.007384194880645281,0.03854419303019847,0.00010012396076533998,0.03895678891225135,-0.0003811063875484924,0.7250633160392437,0.6880031679019994,0.5151477970477935,0.2646794879685657,0.4350273865600431,0.12546324158407363,0.0,20,990000,0.7439187450489679,0.8985360970930475,0.8233939869370215,0.7071400822066293,0.5574005464254668,0.3748272703277594,0.001189746641897187,0.007752189300723287,0.024768714991830948,0.03854419303020127,0.20019292929292928,0.12109595959595959,0.059231313131313135,0.21060505050505052,0.1952080808080808,0.13011515151515152,/common/users/shared/pracsys/adaptive_roa_experiments/quadrotor_stoch/q3d_nd048_clf_yield,0.9067055062935375,0.5775551073590321
clf,noisy_dynamics_f_0.048,clf_yield,1,15000,0.010750895044381616,1.0,0.1335835015799664,100.0,0.08940081646161095,0.003280896952495767,0.003280896952495767,0.05923693161607465,0.05587227264672616,0.04125958820528517,0.09165335580516278,0.09124075992310993,0.09124075992310987,0.9119616161616162,0.904749494949495,0.8894474747474748,-0.038062375937056546,0.034984391698654374,0.00010025404368006867,0.03539698758070724,-0.00030033356087665747,0.7668487478131536,0.6865259826604967,0.3138850404659065,0.25829713599215404,0.4350273865600431,0.12546324158407363,0.0,20,990000,0.8669727267778403,0.9600130159910748,0.8153926326417614,0.6874565345637149,0.5343120006623339,0.1943499930131818,0.000656100608780574,0.005148006795104671,0.024365814562080278,0.03498439169865612,0.1669969696969697,0.10864646464646464,0.031013131313131312,0.21060505050505052,0.1952080808080808,0.13011515151515152,/common/users/shared/pracsys/adaptive_roa_experiments/quadrotor_stoch/q3d_nd048_clf_yield,0.9226592096802441,0.6165705795508902
clf,noisy_dynamics_f_0.048,clf_yield,2,20000,0.009432465106903232,1.0,0.12307056945305754,100.0,0.08516688901237698,0.0038291053157574638,0.0038291053157574638,0.06224114237793175,0.05468306159057959,0.04125958820528517,0.09165335580516278,0.09124075992310993,0.09124075992310987,0.9193616161616162,0.9081313131313131,0.8904535353535353,-0.03737008831602319,0.03253920564560168,9.55550442218197e-05,0.032951801527654555,-0.00028951721533393426,0.786657259831746,0.6991419176849639,0.3366870745386822,0.24778420386516917,0.4350273865600431,0.12546324158407363,0.0,20,990000,0.8882598960753665,0.9690956110265393,0.7935418768920283,0.7059122585719836,0.5468187274909964,0.21367242691011848,0.00036618242712504545,0.0038600113393935935,0.021731499899451088,0.03253920564560288,0.16737070707070706,0.11014747474747474,0.03503535353535354,0.21060505050505052,0.1952080808080808,0.13011515151515152,/common/users/shared/pracsys/adaptive_roa_experiments/quadrotor_stoch/q3d_nd048_clf_yield,0.9299958383194399,0.6433698527607287
clf,noisy_dynamics_f_0.048,clf_yield,3,25000,0.008913062715329025,1.0,0.11818940851583994,100.0,0.0813653820377018,0.0049106526762566416,0.0049106526762566416,0.06479429297201633,0.05341938501711767,0.04125958820528517,0.09165335580516278,0.09124075992310993,0.09124075992310987,0.9249646464646465,0.911859595959596,0.8839535353535354,-0.043063763108499825,0.03100566974293116,9.384797013518984e-05,0.03141826562498404,-0.0003514498844190486,0.7990858317443574,0.7121580476927187,0.24330483579887505,0.2429030429278662,0.4350273865600431,0.12546324158407363,0.0,20,990000,0.9162035773648565,0.9822736662025788,0.8026247175386755,0.7085165876095328,0.5585596307488513,0.14338503578803546,0.00028307333450715565,0.00350542958500423,0.020892292759742498,0.031005669742932992,0.16286464646464646,0.1110030303030303,0.023244444444444446,0.21060505050505052,0.1952080808080808,0.13011515151515152,/common/users/shared/pracsys/adaptive_roa_experiments/quadrotor_stoch/q3d_nd048_clf_yield,0.9348031944922862,0.6601774276205047
clf,noisy_dynamics_f_0.048,clf_yield,4,30000,0.007845460510768615,1.0,0.10661073151724794,100.0,0.07946325191738358,0.0043410797368897604,0.0043410797368897604,0.06653611426429015,0.05588807990532394,0.04125958820528517,0.09165335580516278,0.09124075992310993,0.09124075992310987,0.9291737373737373,0.9156474747474748,0.8832121212121212,-0.03863347304478459,0.028705028441015235,8.71192742656258e-05,0.0291176243230681,-0.0003406969546942834,0.8147016696352595,0.7287250803179585,0.23226072059389902,0.2313243659292805,0.4350273865600431,0.12546324158407363,0.0,20,990000,0.9072257175984509,0.9788973931560528,0.8028369445464562,0.73930330601106,0.5803959514840419,0.13576940394677597,0.00023411032147350157,0.0029160815934142484,0.018770622007885845,0.028705028441016453,0.17162323232323232,0.11574040404040405,0.022004040404040404,0.21060505050505052,0.1952080808080808,0.13011515151515152,/common/users/shared/pracsys/adaptive_roa_experiments/quadrotor_stoch/q3d_nd048_clf_yield,0.9396063635098303,0.6853924883439655
clf,noisy_dynamics_f_0.048,clf_yield,5,35000,0.0070770943136334065,1.0,0.097667001310623,100.0,0.07991509878476845,0.004462526200536075,0.004462526200536075,0.06802132273866601,0.058959767123933804,0.04125958820528517,0.09165335580516278,0.09124075992310993,0.09124075992310987,0.9317797979797979,0.9169393939393939,0.8806545454545455,-0.03611567087787782,0.027332642854654463,8.128919011668433e-05,0.02774523873670729,-0.0003493205303255545,0.8228948141310732,0.7326757779482712,0.1950182591159318,0.22238063572272807,0.4350273865600431,0.12546324158407363,0.0,20,990000,0.907767074546559,0.9854741665792144,0.7967932301525442,0.7525359833860115,0.5830970319162148,0.11110593569022001,0.0001528589133999439,0.002161913479420199,0.017130874906002774,0.027332642854656267,0.1745909090909091,0.1155030303030303,0.018143434343434343,0.21060505050505052,0.1952080808080808,0.13011515151515152,/common/users/shared/pracsys/adaptive_roa_experiments/quadrotor_stoch/q3d_nd048_clf_yield,0.9435154717079339,0.7004338534917054
clf,noisy_dynamics_f_0.048,clf_yield,6,40000,0.00644459454951248,1.0,0.08984482560253612,100.0,0.08032974413737166,0.003955926466194614,0.003955926466194614,0.06933521440410442,0.0632640192881499,0.04125958820528517,0.09165335580516278,0.09124075992310993,0.09124075992310987,0.9346868686868687,0.922730303030303,0.8784363636363637,-0.03027303801782496,0.025476369944063118,7.476889354084148e-05,0.02588896582611598,-0.000385102041136981,0.8333711293448233,0.7559865388602689,0.15736850949420264,0.21455846001477114,0.4350273865600431,0.12546324158407363,0.0,20,990000,0.9005563940762689,0.9855288217633213,0.8021413276231263,0.7755145108609633,0.613171130521174,0.08724206996133961,0.00010938520136400289,0.001822328688598343,0.01587561673704459,0.025476369944064825,0.18136262626262625,0.12145353535353536,0.014151515151515151,0.21060505050505052,0.1952080808080808,0.13011515151515152,/common/users/shared/pracsys/adaptive_roa_experiments/quadrotor_stoch/q3d_nd048_clf_yield,0.9462553677647293,0.7207786304549361
clf,noisy_dynamics_f_0.048,clf_yield,7,45000,0.006031256624975406,1.0,0.08689228991907022,100.0,0.07754485677803251,0.0038779813982675725,0.0038779813982675725,0.07000560977181396,0.06139860860719638,0.04125958820528517,0.09165335580516278,0.09124075992310993,0.09124075992310987,0.936420202020202,0.9232414141414141,0.8821040404040404,-0.030084845883807602,0.024751800064075884,7.401425964361981e-05,0.02516439594612875,-0.0003613314854876426,0.8377305374093189,0.7583052647983997,0.21546920476161666,0.2116059243312233,0.4350273865600431,0.12546324158407363,0.0,20,990000,0.9056739446708175,0.9839541736481969,0.8030462448018438,0.7792699245559931,0.616845013867616,0.12442746906392162,5.6015596460722737e-05,0.001468019859464169,0.014974380021798496,0.024751800064077244,0.1812111111111111,0.12237676767676768,0.02016060606060606,0.21060505050505052,0.1952080808080808,0.13011515151515152,/common/users/shared/pracsys/adaptive_roa_experiments/quadrotor_stoch/q3d_nd048_clf_yield,0.9481234336809149,0.7287199264349109
fm,noisy_dynamics_f_0.048,dir00_s42,0,10000,0.027741518788160925,100.0,0.2986151697556938,100.0,0.10868697979797978,0.025996169155540757,0.025699497578150696,0.05635153213242012,0.02966715773900622,0.04125958820528517,0.09165335580516278,0.09124075992310993,0.09124075992310987,0.8758787878787879,0.8471909090909091,0.8783888888888889,-0.10069914141414145,0.0605887253688399,0.00014983505085073908,0.06129799282828285,-5.620504062164855e-16,0.586554961138589,0.35754963371907844,0.1310921701224749,0.423328804166989,0.4350273865600431,0.12546324158407363,0.0,101,990000,0.9825726234627047,0.9971103057864942,0.931965110312981,0.41805955903865244,0.21783023554249287,0.07050475879950938,0.02176765126007438,0.02168674665850788,0.03123198776910039,0.060588725368844396,0.0896070707070707,0.04264545454545455,0.009843434343434343,0.21060505050505052,0.1952080808080808,0.13011515151515152,/common/users/shared/pracsys/adaptive_roa_experiments/quadrotor_stoch/q3d_nd048_dir00_s42,0.875970839818638,0.3359467257846269
fm,noisy_dynamics_f_0.048,dir00_s42,1,15000,0.01678937389787597,100.0,0.19478100341962173,100.0,0.08378467676767674,0.009272673932206432,0.008946165060662712,0.06083321367676201,0.03265088715437202,0.04125958820528517,0.09165335580516278,0.09124075992310993,0.09124075992310987,0.9092858585858585,0.9032010101010101,0.9150080808080808,-0.04916023232323231,0.03935371130700947,0.00011819619607982176,0.04009281606060608,-1.1171619185290638e-15,0.7410058456595905,0.6756406394378688,0.5686839380363129,0.31949463783110404,0.4350273865600431,0.12546324158407363,0.0,101,990000,0.9292534031565091,0.9766809210204421,0.837055592442808,0.6161804133353157,0.5164548578051911,0.43062089524430575,0.011740649933679844,0.011616754208754961,0.024015977492129015,0.03935371130704571,0.13965050505050505,0.10322323232323233,0.06693737373737374,0.21060505050505052,0.1952080808080808,0.13011515151515152,/common/users/shared/pracsys/adaptive_roa_experiments/quadrotor_stoch/q3d_nd048_dir00_s42,0.9089610922083747,0.5686827757662967
fm,noisy_dynamics_f_0.048,dir00_s42,2,20000,0.011835280469241939,100.0,0.16056286354637717,100.0,0.07753168686868689,0.00637033882283476,0.006034634363085755,0.06483055856739299,0.033570445974900526,0.04125958820528517,0.09165335580516278,0.09124075992310993,0.09124075992310987,0.9205939393939394,0.9195818181818182,0.9263383838383838,-0.02642607070707071,0.0324448357188042,0.00010206123737039418,0.03319313606060605,1.5057399771478686e-15,0.7864152583817857,0.7486963548440044,0.6679446490936494,0.2852764979579311,0.4350273865600431,0.12546324158407363,0.0,101,990000,0.9070136186160779,0.9599103182568718,0.8077486426659912,0.6941232332049554,0.6136678809454816,0.5693946310183675,0.007437941026425627,0.0074019340883566195,0.017733078420602354,0.03244483571884182,0.16117272727272727,0.1247959595959596,0.09172020202020202,0.21060505050505052,0.1952080808080808,0.13011515151515152,/common/users/shared/pracsys/adaptive_roa_experiments/quadrotor_stoch/q3d_nd048_dir00_s42,0.9274114991716128,0.6444041484732699
fm,noisy_dynamics_f_0.048,dir00_s42,3,25000,0.009061396833203334,100.0,0.15013640299688996,100.0,0.07607719191919193,0.0053908409127379825,0.005063740655621362,0.06863826439467449,0.03271002571166209,0.04125958820528517,0.09165335580516278,0.09124075992310993,0.09124075992310987,0.9298959595959596,0.9330969696969696,0.9349333333333333,-0.0014731111111111117,0.027666236184062852,8.654418046444054e-05,0.028405932323232314,6.054184931159057e-15,0.8219847077623111,0.8026024033188688,0.7358917589175892,0.27485003740852354,0.4350273865600431,0.12546324158407363,0.0,101,990000,0.8834549985664821,0.9463803767219567,0.7797820760127209,0.7685120791946244,0.6967493894109368,0.6966789324141786,0.005812840526476439,0.005702525456583972,0.012542710131635776,0.027666236184086996,0.1832040404040404,0.14371717171717172,0.11624848484848485,0.21060505050505052,0.1952080808080808,0.13011515151515152,/common/users/shared/pracsys/adaptive_roa_experiments/quadrotor_stoch/q3d_nd048_dir00_s42,0.9409648847149211,0.6967776659534877
fm,noisy_dynamics_f_0.048,dir00_s42,4,30000,0.007915899525358,100.0,0.13632762907206455,100.0,0.07203671717171718,0.005166119033451605,0.004841081266897172,0.0708756484749831,0.03250377665544334,0.04125958820528517,0.09165335580516278,0.09124075992310993,0.09124075992310987,0.9354919191919192,0.9377010101010101,0.9363939393939394,0.00018112121212121167,0.025206192715029073,8.06744093817464e-05,0.025943826363636357,5.0758008907081376e-15,0.8375636196226953,0.8179918787478163,0.7447279449322599,0.2610412634836428,0.4350273865600431,0.12546324158407363,0.0,101,990000,0.8916320982573189,0.9518295698038569,0.7793219303604154,0.7896776483340447,0.7171523781926564,0.7130746657971959,0.004986283032343244,0.004882698500151787,0.010908964995923637,0.02520619271503366,0.1865232323232323,0.1470787878787879,0.11905454545454545,0.21060505050505052,0.1952080808080808,0.13011515151515152,/common/users/shared/pracsys/adaptive_roa_experiments/quadrotor_stoch/q3d_nd048_dir00_s42,0.9457241151767577,0.7237397766494847
fm,noisy_dynamics_f_0.048,dir00_s42,5,35000,0.007649297495066205,100.0,0.13836565726413905,100.0,0.07107122222222222,0.005154297730620559,0.004830958207102551,0.07248887828326102,0.032333952351800865,0.04125958820528517,0.09165335580516278,0.09124075992310993,0.09124075992310987,0.9393626262626262,0.9419565656565656,0.9382030303030303,0.006856575757575757,0.023582839846954386,7.462671296444443e-05,0.024318775252525262,2.9524993561125257e-15,0.8501199669435519,0.8329277405136345,0.7568817729879233,0.26307929167571936,0.4350273865600431,0.12546324158407363,0.0,101,990000,0.8865790405565855,0.9505856588247006,0.7753217888283711,0.816541086527993,0.7411878544521256,0.7392985234524198,0.0051462320171406315,0.005075060912149969,0.009838382006939875,0.023582839846964024,0.19396767676767676,0.1522070707070707,0.12406969696969697,0.21060505050505052,0.1952080808080808,0.13011515151515152,/common/users/shared/pracsys/adaptive_roa_experiments/quadrotor_stoch/q3d_nd048_dir00_s42,0.9496669790352771,0.7415317467014957
fm,noisy_dynamics_f_0.048,dir00_s42,6,40000,0.007585266241671409,100.0,0.1399393761588184,100.0,0.0691610101010101,0.005242402917623362,0.0049282334900139346,0.07396199892480798,0.03141694276094276,0.04125958820528517,0.09165335580516278,0.09124075992310993,0.09124075992310987,0.943020202020202,0.9459848484848485,0.9396878787878787,0.010350484848484841,0.022206994488317526,7.056750268996766e-05,0.022933759797979795,1.6410484082740595e-15,0.8603837281826372,0.846456659000267,0.7664816792012297,0.2646530105703696,0.4350273865600431,0.12546324158407363,0.0,101,990000,0.8889008218393449,0.9508570027803402,0.7723263897098811,0.8336394898776492,0.762713706172124,0.7607247659415902,0.005472054892357328,0.005414788286906939,0.009120227527803549,0.02220699448831982,0.19751212121212122,0.1565828282828283,0.12816060606060606,0.21060505050505052,0.1952080808080808,0.13011515151515152,/common/users/shared/pracsys/adaptive_roa_experiments/quadrotor_stoch/q3d_nd048_dir00_s42,0.952486371823559,0.756611031001586
fm,noisy_dynamics_f_0.048,dir00_s43,0,10000,0.027625785744327957,100.0,0.2932075183503417,100.0,0.10624909090909089,0.02414628092900075,0.023845032391096456,0.0563670805725468,0.030124853790429548,0.04125958820528517,0.09165335580516278,0.09124075992310993,0.09124075992310987,0.8795030303030303,0.852,0.8800363636363636,-0.0976247070707071,0.05871871174165902,0.00014775180360883622,0.05943255616161617,-5.551115123125783e-16,0.6041807684650607,0.3899778506836312,0.1561340931376032,0.4179211527616392,0.4350273865600431,0.12546324158407363,0.0,101,990000,0.9802220045003822,0.9979118724963777,0.9214189869171419,0.436663964815179,0.24234176429192367,0.08529352399583896,0.021897559432709882,0.02168861422304211,0.03125070126006951,0.05871871174166779,0.09381919191919191,0.047406060606060604,0.012044444444444444,0.21060505050505052,0.1952080808080808,0.13011515151515152,/common/users/shared/pracsys/adaptive_roa_experiments/quadrotor_stoch/q3d_nd048_dir00_s43,0.8758295259591077,0.35644210119312614
fm,noisy_dynamics_f_0.048,dir00_s43,1,15000,0.017109595785590178,100.0,0.1944925416304907,100.0,0.08347438383838388,0.009524965475529142,0.009192213458388034,0.06092112996755887,0.0332752017141108,0.04125958820528517,0.09165335580516278,0.09124075992310993,0.09124075992310987,0.9089727272727273,0.9017737373737373,0.913489898989899,-0.051983313131313144,0.03951184341393734,0.00011880423358555481,0.04025719131313131,-1.734723475976807e-15,0.7387829756890799,0.6682224496758785,0.5524334098047106,0.31920617604196594,0.4350273865600431,0.12546324158407363,0.0,101,990000,0.9336654699978021,0.9808100636993711,0.8451145611819069,0.611206768377786,0.5067268286624995,0.4103280699302871,0.012066040199979184,0.01184251811039772,0.024265562863519063,0.03951184341397428,0.13786868686868686,0.10085252525252525,0.06317474747474748,0.21060505050505052,0.1952080808080808,0.13011515151515152,/common/users/shared/pracsys/adaptive_roa_experiments/quadrotor_stoch/q3d_nd048_dir00_s43,0.9083620399384107,0.5669496456711383
fm,noisy_dynamics_f_0.048,dir00_s43,2,20000,0.011952120557313513,100.0,0.16381259613213472,100.0,0.0780041212121212,0.006494943981002364,0.006165589586552818,0.0647124925134397,0.032935439444954605,0.04125958820528517,0.09165335580516278,0.09124075992310993,0.09124075992310987,0.920150505050505,0.9197707070707071,0.9265919191919192,-0.025805070707070717,0.03269385699622488,0.00010246820314499831,0.033435807272727276,1.8388068845354155e-15,0.785072443672292,0.7494772035515462,0.6709618414618685,0.28852623054368604,0.4350273865600431,0.12546324158407363,0.0,101,990000,0.9062923718174057,0.9597702542229115,0.8049297151671845,0.6924541604516089,0.6147752204330008,0.5752247426521961,0.007581223344556415,0.007600575043361036,0.017600275545897333,0.03269385699626452,0.1609131313131313,0.12503939393939395,0.09298383838383838,0.21060505050505052,0.1952080808080808,0.13011515151515152,/common/users/shared/pracsys/adaptive_roa_experiments/quadrotor_stoch/q3d_nd048_dir00_s43,0.9269927223863144,0.6416748718031662
fm,noisy_dynamics_f_0.048,dir00_s43,3,25000,0.009051294946632793,100.0,0.15118267670796456,100.0,0.07594153535353533,0.005444730428923742,0.0051204352774085905,0.0688444159310627,0.03242951515151515,0.04125958820528517,0.09165335580516278,0.09124075992310993,0.09124075992310987,0.9302858585858585,0.9338666666666666,0.9353464646464646,-0.00035797979797979804,0.027516779269462298,8.608835992272537e-05,0.028253670303030293,6.484396353201305e-15,0.8235170775489747,0.8055456554280419,0.7391440786068556,0.2758963111195928,0.4350273865600431,0.12546324158407363,0.0,101,990000,0.8819959467601468,0.9454266592303402,0.778000840775916,0.7723106585643097,0.7017220681375999,0.7039840390019718,0.005845297418630299,0.005745392919087665,0.012341815916759067,0.027516779269485384,0.18441414141414142,0.1448888888888889,0.11773636363636364,0.21060505050505052,0.1952080808080808,0.13011515151515152,/common/users/shared/pracsys/adaptive_roa_experiments/quadrotor_stoch/q3d_nd048_dir00_s43,0.9415390410539606,0.6984157158198687
fm,noisy_dynamics_f_0.048,dir00_s43,4,30000,0.00806394771663943,100.0,0.1381582463204141,100.0,0.07184568686868682,0.005373284228425089,0.005055761817446617,0.07092484134672425,0.03175224109784716,0.04125958820528517,0.09165335580516278,0.09124075992310993,0.09124075992310987,0.9355242424242424,0.9373848484848485,0.9366333333333333,-0.001412151515151516,0.025371680393837366,8.141921889694293e-05,0.026101798686868686,5.06886199680423e-15,0.8365750685513706,0.8163696956231948,0.7450385898743745,0.26287188073197293,0.4350273865600431,0.12546324158407363,0.0,101,990000,0.8972562114189055,0.9547807288021675,0.7818313643536486,0.7835816958354717,0.7130076168398394,0.7115530920552114,0.005139188858279354,0.005030145903477844,0.010979289340381086,0.025371680393848066,0.18392323232323232,0.14577676767676767,0.11841919191919192,0.21060505050505052,0.1952080808080808,0.13011515151515152,/common/users/shared/pracsys/adaptive_roa_experiments/quadrotor_stoch/q3d_nd048_dir00_s43,0.945355144256868,0.7219260293840328
fm,noisy_dynamics_f_0.048,dir00_s44,0,10000,0.02749394281742872,100.0,0.2910157459385076,100.0,0.10532803030303027,0.023269688108197153,0.02296817447999595,0.056086546842652275,0.030151362820120407,0.04125958820528517,0.09165335580516278,0.09124075992310993,0.09124075992310987,0.8802777777777778,0.854159595959596,0.8821161616161616,-0.0959561717171717,0.058122387560453,0.00014726596455852614,0.058836497070707025,-6.245004513516506e-16,0.6085842324089944,0.40439908586137774,0.18628811278525761,0.41572938034981655,0.4350273865600431,0.12546324158407363,0.0,101,990000,0.9770018661464077,0.9971113552219374,0.9144363063864741,0.4419349733092245,0.25363248747774975,0.10370767152638688,0.02178420977451169,0.021594605040305657,0.0313605916539056,0.058122387560462,0.09526464646464647,0.04965454545454545,0.014756565656565657,0.21060505050505052,0.1952080808080808,0.13011515151515152,/common/users/shared/pracsys/adaptive_roa_experiments/quadrotor_stoch/q3d_nd048_dir00_s44,0.8760076880301769,0.3629778225276322
fm,noisy_dynamics_f_0.048,dir00_s44,1,15000,0.016971232068395296,100.0,0.19422891268324446,100.0,0.08408130303030305,0.01001075293019828,0.009676010751849132,0.06101478681616735,0.033474217834914805,0.04125958820528517,0.09165335580516278,0.09124075992310993,0.09124075992310987,0.9083333333333333,0.899849494949495,0.9122595959595959,-0.05355180808080805,0.039901983858789916,0.00011911928496724168,0.04064932191919191,-1.797173521111972e-15,0.736030716425725,0.6592267479627294,0.5407500224700091,0.3189425470947189,0.4350273865600431,0.12546324158407363,0.0,101,990000,0.9351693756421343,0.9816268667410463,0.8476967195451456,0.6068134619350692,0.49624332491617335,0.3969987734252488,0.011729907152331024,0.01165509764309838,0.02413036369251616,0.03990198385882537,0.13665757575757576,0.09868383838383839,0.060936363636363636,0.21060505050505052,0.1952080808080808,0.13011515151515152,/common/users/shared/pracsys/adaptive_roa_experiments/quadrotor_stoch/q3d_nd048_dir00_s44,0.9091403578531423,0.5626737009597904
fm,noisy_dynamics_f_0.048,dir00_s44,2,20000,0.012043113892033558,100.0,0.162750238965067,100.0,0.07772662626262626,0.006840019104021044,0.006511231890471406,0.06484887713140759,0.032878721354963766,0.04125958820528517,0.09165335580516278,0.09124075992310993,0.09124075992310987,0.920069696969697,0.918369696969697,0.9255161616161616,-0.02871044444444444,0.03290311468217529,0.0001032950693928848,0.03364449777777777,1.5404344466674047e-15,0.7833600262822883,0.7430266722631358,0.6618485314011876,0.28746387337659735,0.4350273865600431,0.12546324158407363,0.0,101,990000,0.9126149802890933,0.9637624971128782,0.8085399603365788,0.6861759528822681,0.6045607898331746,0.5602108466471035,0.007682969084787035,0.007638537700232964,0.017885987901778835,0.03290311468221406,0.15834949494949496,0.12245252525252526,0.09015252525252525,0.21060505050505052,0.1952080808080808,0.13011515151515152,/common/users/shared/pracsys/adaptive_roa_experiments/quadrotor_stoch/q3d_nd048_dir00_s44,0.9268133907976368,0.6393814046495963
fm,noisy_dynamics_f_0.048,dir00_s44,3,25000,0.0092876278993449,100.0,0.15549249310418511,100.0,0.07647050505050504,0.0054621251084862035,0.005137335584968195,0.06890108232779515,0.03247895235180083,0.04125958820528517,0.09165335580516278,0.09124075992310993,0.09124075992310987,0.9303323232323232,0.9346979797979797,0.9356323232323233,0.0021460000000000003,0.027477013180287727,8.543723752527464e-05,0.028214398585858575,4.749672877224498e-15,0.8247122420089815,0.809081539538304,0.7422543642511609,0.28020612751583196,0.4350273865600431,0.12546324158407363,0.0,101,990000,0.8771557083698249,0.9423588896914663,0.7748222458664775,0.7781859865035324,0.7088318085855032,0.7123138789262037,0.0062220028568507856,0.006153598204261974,0.012242349051132457,0.027477013180309623,0.18684242424242425,0.14683333333333334,0.11961818181818182,0.21060505050505052,0.1952080808080808,0.13011515151515152,/common/users/shared/pracsys/adaptive_roa_experiments/quadrotor_stoch/q3d_nd048_dir00_s44,0.9418419793565729,0.6988515527112765
fm,noisy_dynamics_f_0.048,dir00_s44,4,30000,0.007967537493384675,100.0,0.1369624918442995,100.0,0.07192887878787878,0.005361280570061707,0.005040958891661544,0.07076582273886609,0.03203216784001632,0.04125958820528517,0.09165335580516278,0.09124075992310993,0.09124075992310987,0.9349373737373737,0.9367626262626263,0.9362454545454545,-0.002347262626262627,0.025515896075910628,8.19196600663785e-05,0.026248813636363635,5.242334344401911e-15,0.8347800213412132,0.8140833944591773,0.7423028085919477,0.2616761262558631,0.4350273865600431,0.12546324158407363,0.0,101,990000,0.897246866677327,0.9552902474892147,0.7829011394073015,0.7804449901438376,0.7092457672724262,0.7057074541587095,0.004899088868482411,0.004884490154064724,0.011046582006945823,0.02551589607592131,0.1831888888888889,0.14493030303030302,0.11728585858585859,0.21060505050505052,0.1952080808080808,0.13011515151515152,/common/users/shared/pracsys/adaptive_roa_experiments/quadrotor_stoch/q3d_nd048_dir00_s44,0.9452451030262748,0.7203454234991762
fm,noisy_dynamics_f_0.048,epi_bald,0,10000,0.027804560989493642,100.0,0.2986073356334478,100.0,0.10866038383838382,0.026004471874089392,0.025707853912656887,0.05637134040652434,0.029661796143250693,0.04125958820528517,0.09165335580516278,0.09124075992310993,0.09124075992310987,0.8759767676767677,0.8471262626262627,0.8784171717171717,-0.10070795959595964,0.060577273429241914,0.00014981928157371222,0.06128648727272727,-5.551115123125783e-16,0.5869466488594044,0.35704302240121666,0.13111866658004345,0.4233209700447426,0.4350273865600431,0.12546324158407363,0.0,101,990000,0.9828635165280876,0.9973654854864358,0.9346506123289081,0.4184048844358966,0.2174421492735025,0.07050475879950938,0.021933893480256046,0.021733957759415903,0.03126442356646778,0.060577273429247284,0.08965454545454546,0.04255858585858586,0.009815151515151515,0.21060505050505052,0.1952080808080808,0.13011515151515152,/common/users/shared/pracsys/adaptive_roa_experiments/quadrotor_stoch/q3d_nd048_epi_bald,0.8759437627431644,0.3360722392021789
fm,noisy_dynamics_f_0.048,epi_bald,1,15000,0.013892288021596352,100.0,0.1711633518625664,100.0,0.07859181818181818,0.007143221769295331,0.006817778065591628,0.06370422484718588,0.03254437037037039,0.04125958820528517,0.09165335580516278,0.09124075992310993,0.09124075992310987,0.9181131313131313,0.9154242424242425,0.9242828282828283,-0.03481127272727274,0.034354313141516164,0.00010791580073280963,0.03509235272727272,4.926614671774132e-16,0.7742492425592586,0.7288659192912238,0.6476483252014177,0.29587698627408776,0.4350273865600431,0.12546324158407363,0.0,101,990000,0.9230636433053352,0.9739005521037055,0.8208345248308073,0.6667561954733596,0.5823467317961667,0.5348098809135653,0.009383700642791351,0.009205605550453324,0.020252121061664862,0.03435431314155493,0.15212626262626264,0.11672525252525252,0.08477575757575757,0.21060505050505052,0.1952080808080808,0.13011515151515152,/common/users/shared/pracsys/adaptive_roa_experiments/quadrotor_stoch/q3d_nd048_epi_bald,0.9196888569968195,0.6234762493159074
fm,noisy_dynamics_f_0.048,epi_bald,2,20000,0.006987093460543049,100.0,0.12104492552901927,100.0,0.06842891919191918,0.005283817458884405,0.004953110248395679,0.07271844023374928,0.03307072104887258,0.04125958820528517,0.09165335580516278,0.09124075992310993,0.09124075992310987,0.9400737373737373,0.9382454545454545,0.9366727272727273,-0.006788010101010102,0.023475429937761454,7.735939644983356e-05,0.024218733030303027,5.131312041939395e-15,0.8464220720219311,0.8161486760792098,0.7381815448349592,0.2457585599405724,0.4350273865600431,0.12546324158407363,0.0,101,990000,0.9194938132733408,0.9742961968423093,0.798801540102312,0.7841092763034835,0.7021722482096286,0.6861133106649898,0.003954406693194334,0.0039192164064888405,0.010376761343236564,0.023475429937769673,0.1795959595959596,0.14068585858585858,0.11175959595959596,0.21060505050505052,0.1952080808080808,0.13011515151515152,/common/users/shared/pracsys/adaptive_roa_experiments/quadrotor_stoch/q3d_nd048_epi_bald,0.9484211911637769,0.742708960802775
fm,noisy_dynamics_f_0.048,epi_bald,3,25000,0.006195429184206739,100.0,0.11604053417493099,100.0,0.06532674747474745,0.005740935030787443,0.005416723605422684,0.07548870356322905,0.032421142536475864,0.04125958820528517,0.09165335580516278,0.09124075992310993,0.09124075992310987,0.9465818181818182,0.9417444444444445,0.9378767676767676,-0.004511212121212123,0.021168779965309664,6.969888726471441e-05,0.021905587272727265,6.0958182945825e-15,0.8640346366646784,0.827546818887231,0.7454218822438572,0.24075416858644233,0.4350273865600431,0.12546324158407363,0.0,101,990000,0.9311787556870764,0.9802083997421567,0.7984481688392303,0.8059223305627365,0.7160295152543776,0.6990001086838387,0.003712152841546509,0.0036753351698801894,0.008312364620961013,0.02116877996531763,0.18227575757575756,0.1425969696969697,0.1139090909090909,0.21060505050505052,0.1952080808080808,0.13011515151515152,/common/users/shared/pracsys/adaptive_roa_experiments/quadrotor_stoch/q3d_nd048_epi_bald,0.9547258023490013,0.7679898766390267
fm,noisy_dynamics_f_0.048,epi_bald,4,30000,0.005641555628768337,100.0,0.10934613979719553,100.0,0.062499767676767695,0.006739394911483701,0.006433329674263009,0.07729073950453076,0.03060652372206917,0.04125958820528517,0.09165335580516278,0.09124075992310993,0.09124075992310987,0.9496939393939394,0.9422151515151516,0.9378222222222222,-0.008080252525252529,0.020383350092847665,6.853303030424305e-05,0.021102011212121206,5.488665077990618e-15,0.8705928206727208,0.8281922449702828,0.7449048096607626,0.23405977420861085,0.4350273865600431,0.12546324158407363,0.0,101,990000,0.949930821746921,0.9868804351715993,0.7989457028055328,0.8034858680377364,0.7134681458790413,0.6977114288819538,0.0033378604224056896,0.0032852639526575575,0.007419833297625676,0.02038335009285624,0.17813737373737373,0.14112626262626263,0.11362828282828283,0.21060505050505052,0.1952080808080808,0.13011515151515152,/common/users/shared/pracsys/adaptive_roa_experiments/quadrotor_stoch/q3d_nd048_epi_bald,0.9569441510608193,0.7765981989844774
fm,noisy_dynamics_f_0.048,epi_var,0,10000,0.027840193279543145,100.0,0.29875569313798234,100.0,0.10867613131313131,0.025956948432762937,0.025660206950261152,0.056329422924793926,0.029674148250178542,0.04125958820528517,0.09165335580516278,0.09124075992310993,0.09124075992310987,0.8758868686868687,0.8471949494949494,0.8783767676767676,-0.1006806161616162,0.06057154394857666,0.00014981063482560745,0.06128088131313132,-4.649058915617843e-16,0.5866541973074259,0.3575557074968892,0.13111843956789368,0.42346932754927824,0.4350273865600431,0.12546324158407363,0.0,101,990000,0.9823349819181416,0.9972047850290181,0.9305541329509373,0.41820344462083753,0.21783023554249287,0.07052804819351934,0.021906098357309448,0.021796169778597645,0.03121913221864579,0.06057154394858145,0.08965959595959595,0.04264141414141414,0.009861616161616162,0.21060505050505052,0.1952080808080808,0.13011515151515152,/common/users/shared/pracsys/adaptive_roa_experiments/quadrotor_stoch/q3d_nd048_epi_var,0.8757146086029949,0.33613503439009795
fm,noisy_dynamics_f_0.048,epi_var,1,15000,0.01779014830366522,100.0,0.1986986241938186,100.0,0.08580724242424248,0.010788543926670694,0.010444901619763237,0.060256655994457474,0.03436423069074583,0.04125958820528517,0.09165335580516278,0.09124075992310993,0.09124075992310987,0.9056767676767676,0.8951494949494949,0.9079656565656565,-0.058655585858585844,0.041429005548413424,0.0001217140101445679,0.042185243737373763,-2.2343238370581275e-15,0.7254643703438016,0.6370838606820455,0.49946713251370617,0.32341225860528383,0.4350273865600431,0.12546324158407363,0.0,101,990000,0.9372526378960643,0.9821486320419119,0.8541901540774145,0.5917486414802948,0.47144719956948294,0.35291195056437963,0.012315568819507853,0.012216593000715136,0.025637982601302272,0.04142900554845397,0.13296868686868688,0.0937030303030303,0.05375757575757576,0.21060505050505052,0.1952080808080808,0.13011515151515152,/common/users/shared/pracsys/adaptive_roa_experiments/quadrotor_stoch/q3d_nd048_epi_var,0.906518161317319,0.5459375219657712
fm,noisy_dynamics_f_0.048,epi_var,2,20000,0.010782972910455282,100.0,0.15041691155016818,100.0,0.07720149494949499,0.0058170018046060515,0.005476216178649516,0.0653995909431044,0.03407856259565352,0.04125958820528517,0.09165335580516278,0.09124075992310993,0.09124075992310987,0.9220575757575757,0.922,0.9290292929292929,-0.022193373737373734,0.03131738515865729,9.899920283999234e-05,0.03207076666666669,2.2551405187698492e-15,0.7921227387222349,0.7580796751838995,0.6859829541137614,0.275130545961775,0.4350273865600431,0.12546324158407363,0.0,101,990000,0.9036239366671583,0.9606796887406701,0.80838468425765,0.705116091683893,0.6260504201680672,0.5957737513003245,0.006246276910519122,0.0062483950617272625,0.016731541577416312,0.03131738515868998,0.16433939393939395,0.12721212121212122,0.09589393939393939,0.21060505050505052,0.1952080808080808,0.13011515151515152,/common/users/shared/pracsys/adaptive_roa_experiments/quadrotor_stoch/q3d_nd048_epi_var,0.9302506942122505,0.6567610223210659
fm,noisy_dynamics_f_0.048,epi_var,3,25000,0.006871736023332548,100.0,0.1245500139847711,100.0,0.06864396969696973,0.004996780703673951,0.004660854246169615,0.0735206867108625,0.03359264575043364,0.04125958820528517,0.09165335580516278,0.09124075992310993,0.09124075992310987,0.9422616161616162,0.9412040404040404,0.9380818181818181,0.00015392929292929253,0.022380927458422597,7.217609153516153e-05,0.023129449797979793,5.568462357885551e-15,0.8549518756201103,0.8274827802871335,0.7490142609721044,0.2492636483963634,0.4350273865600431,0.12546324158407363,0.0,101,990000,0.9077345029743944,0.9684352193578821,0.7924778416032022,0.807970302015837,0.7223475597135406,0.7100703339699102,0.00423398428731727,0.004180185695336657,0.009465047385476854,0.022380927458427683,0.18745858585858585,0.1456040404040404,0.11658484848484849,0.21060505050505052,0.1952080808080808,0.13011515151515152,/common/users/shared/pracsys/adaptive_roa_experiments/quadrotor_stoch/q3d_nd048_epi_var,0.9514636345255235,0.7547047232258546
fm,noisy_dynamics_f_0.048,epi_var_anch,0,10000,0.027804560989493642,100.0,0.2986073356334478,100.0,0.10866038383838382,0.026004471874089392,0.025707853912656887,0.05637134040652434,0.029661796143250693,0.04125958820528517,0.09165335580516278,0.09124075992310993,0.09124075992310987,0.8759767676767677,0.8471262626262627,0.8784171717171717,-0.10070795959595964,0.060577273429241914,0.00014981928157371222,0.06128648727272727,-5.551115123125783e-16,0.5869466488594044,0.35704302240121666,0.13111866658004345,0.4233209700447426,0.4350273865600431,0.12546324158407363,0.0,101,990000,0.9828635165280876,0.9973654854864358,0.9346506123289081,0.4184048844358966,0.2174421492735025,0.07050475879950938,0.021933893480256046,0.021733957759415903,0.03126442356646778,0.060577273429247284,0.08965454545454546,0.04255858585858586,0.009815151515151515,0.21060505050505052,0.1952080808080808,0.13011515151515152,/common/users/shared/pracsys/adaptive_roa_experiments/quadrotor_stoch/q3d_nd048_epi_var_anch,0.8759437627431644,0.3360722392021789
fm,noisy_dynamics_f_0.048,epi_var_anch,1,15000,0.020112938829413122,100.0,0.21596916012908074,100.0,0.08810756565656559,0.013408892364067384,0.013059590959108707,0.059942760795490914,0.03493014049586779,0.04125958820528517,0.09165335580516278,0.09124075992310993,0.09124075992310987,0.9018878787878788,0.8867747474747475,0.8978989898989899,-0.07080059595959595,0.044357590086725865,0.00012732780687749223,0.045119487373737374,-1.8735013540549517e-15,0.7076648036622033,0.5948421376032387,0.3891487484438643,0.34068279454047107,0.4350273865600431,0.12546324158407363,0.0,101,990000,0.9499353587588881,0.9865362251076023,0.8782596835788326,0.5638588194667601,0.4257875564018711,0.24994953964631172,0.014636309560248317,0.014454620957046747,0.02762615210949414,0.04435759008675345,0.12501010101010102,0.08425151515151515,0.03703030303030303,0.21060505050505052,0.1952080808080808,0.13011515151515152,/common/users/shared/pracsys/adaptive_roa_experiments/quadrotor_stoch/q3d_nd048_epi_var_anch,0.9002364072161771,0.5138401946223732
fm,noisy_dynamics_f_0.048,epi_var_anch,2,20000,0.010114036477018189,100.0,0.15218053893740066,100.0,0.0760882727272727,0.005877779128560705,0.005558664935111057,0.06699582028726321,0.031911419344964796,0.04125958820528517,0.09165335580516278,0.09124075992310993,0.09124075992310987,0.9259343434343434,0.9275070707070707,0.9323090909090909,-0.014618232323232328,0.02980360457096213,9.459601072382209e-05,0.030535314646464654,4.385380947269368e-15,0.8052886083545991,0.7795809556569758,0.7126822157434404,0.2768941733489812,0.4350273865600431,0.12546324158407363,0.0,101,990000,0.9021025201684871,0.9589926100557646,0.7959033190967767,0.7272408980378803,0.6567195843854783,0.6452171347834863,0.006165831037648901,0.006192392204875499,0.014811921395795256,0.02980360457098646,0.16978181818181817,0.13367878787878787,0.10548080808080808,0.21060505050505052,0.1952080808080808,0.13011515151515152,/common/users/shared/pracsys/adaptive_roa_experiments/quadrotor_stoch/q3d_nd048_epi_var_anch,0.9343297976152526,0.6733520786534644
fm,noisy_dynamics_f_0.048,epi_var_anch,3,25000,0.00729222616496804,100.0,0.12716357157340602,100.0,0.06836754545454544,0.005399263863336591,0.005077673636829092,0.07303733633517202,0.03215902265074992,0.04125958820528517,0.09165335580516278,0.09124075992310993,0.09124075992310987,0.9408181818181818,0.9394969696969697,0.9374161616161616,-0.005047060606060607,0.023281097224772996,7.636687555076876e-05,0.024015283333333335,5.9847959921199845e-15,0.8489044995976976,0.8206453390185768,0.7436510629142634,0.2518772059849433,0.4350273865600431,0.12546324158407363,0.0,101,990000,0.9181118877218035,0.9738820820422435,0.7961374911410347,0.7893994695418204,0.7090750093140704,0.6976570869625972,0.004478232833383997,0.004436733394550805,0.010049180175495605,0.023281097224780167,0.18107979797979798,0.14212929292929294,0.11402020202020202,0.21060505050505052,0.1952080808080808,0.13011515151515152,/common/users/shared/pracsys/adaptive_roa_experiments/quadrotor_stoch/q3d_nd048_epi_var_anch,0.9490027941114973,0.7448388500447347
fm,noisy_dynamics_f_0.048,epi_var_anch,4,30000,0.006654152433811808,100.0,0.12274143363212343,100.0,0.06523962626262629,0.005655185939465464,0.005346614733466076,0.07528802669412975,0.03085712059993878,0.04125958820528517,0.09165335580516278,0.09124075992310993,0.09124075992310987,0.9466080808080808,0.9435808080808081,0.9390050505050505,-0.0023348989898989893,0.02129934796245282,7.051268708082739e-05,0.022020515050505046,6.54684639833647e-15,0.8645548796424893,0.8343795497068914,0.7543377880840503,0.24745506804359865,0.4350273865600431,0.12546324158407363,0.0,101,990000,0.9281615361338065,0.9771166253446396,0.7924541204024241,0.8091069981150989,0.7280291426915594,0.7197199062213735,0.004309908172635092,0.004281869197020008,0.008697902798186155,0.021299347962456004,0.18359090909090908,0.14544545454545454,0.11817272727272728,0.21060505050505052,0.1952080808080808,0.13011515151515152,/common/users/shared/pracsys/adaptive_roa_experiments/quadrotor_stoch/q3d_nd048_epi_var_anch,0.9533673254604644,0.766558849571155
fm,noisy_dynamics_f_0.048,yield_a1,0,10000,0.027804560989493642,100.0,0.2986073356334478,100.0,0.10866038383838382,0.026004471874089392,0.025707853912656887,0.05637134040652434,0.029661796143250693,0.04125958820528517,0.09165335580516278,0.09124075992310993,0.09124075992310987,0.8759767676767677,0.8471262626262627,0.8784171717171717,-0.10070795959595964,0.060577273429241914,0.00014981928157371222,0.06128648727272727,-5.551115123125783e-16,0.5869466488594044,0.35704302240121666,0.13111866658004345,0.4233209700447426,0.4350273865600431,0.12546324158407363,0.0,101,990000,0.9828635165280876,0.9973654854864358,0.9346506123289081,0.4184048844358966,0.2174421492735025,0.07050475879950938,0.021933893480256046,0.021733957759415903,0.03126442356646778,0.060577273429247284,0.08965454545454546,0.04255858585858586,0.009815151515151515,0.21060505050505052,0.1952080808080808,0.13011515151515152,/common/users/shared/pracsys/adaptive_roa_experiments/quadrotor_stoch/q3d_nd048_yield_a1,0.8759437627431644,0.3360722392021789
fm,noisy_dynamics_f_0.048,yield_a1,1,15000,0.009189947346692165,100.0,0.13014999891936854,100.0,0.07106149494949496,0.004758950094081576,0.004424435171114532,0.0690587376164202,0.03345149229670442,0.04125958820528517,0.09165335580516278,0.09124075992310993,0.09124075992310987,0.9323414141414141,0.9334949494949495,0.9345717171717172,-0.01304422222222222,0.026606457477808407,8.862820318259958e-05,0.02735356828282827,4.121702978920894e-15,0.824076943684241,0.8000935163987685,0.72507491320255,0.25486363333094014,0.4350273865600431,0.12546324158407363,0.0,101,990000,0.9107967047321579,0.9681038663316139,0.7998351936474642,0.7524352634784819,0.6817744339114956,0.663095626251805,0.005504282216100229,0.005425780634628538,0.01413607977759435,0.026606457477834692,0.1739868686868687,0.13747272727272727,0.10787070707070708,0.21060505050505052,0.1952080808080808,0.13011515151515152,/common/users/shared/pracsys/adaptive_roa_experiments/quadrotor_stoch/q3d_nd048_yield_a1,0.9363316296606183,0.7083928553397614
fm,noisy_dynamics_f_0.048,yield_a1,2,20000,0.00755586162201787,100.0,0.12315570253543225,100.0,0.06673230303030302,0.0057007725862253875,0.005385666941903379,0.0735671865732107,0.0315105644322008,0.04125958820528517,0.09165335580516278,0.09124075992310993,0.09124075992310987,0.9430686868686868,0.9394757575757576,0.9371979797979798,-0.009312848484848488,0.023059240291806955,7.796446465105823e-05,0.023786941818181816,4.354155924701786e-15,0.852654529483734,0.819072580523406,0.7403357834948212,0.24786933694694505,0.4350273865600431,0.12546324158407363,0.0,101,990000,0.9371325790009022,0.9833817910252971,0.8011950174461699,0.782147636199694,0.701810034358571,0.6880696197618271,0.00471200285685106,0.004624670543821376,0.010623575051020464,0.023059240291814477,0.17577474747474747,0.13931414141414142,0.11174343434343434,0.21060505050505052,0.1952080808080808,0.13011515151515152,/common/users/shared/pracsys/adaptive_roa_experiments/quadrotor_stoch/q3d_nd048_yield_a1,0.94667121878765,0.7472704051211392
fm,noisy_dynamics_f_0.048,yield_a1,3,25000,0.0063450735168258205,100.0,0.11514199849936525,100.0,0.06331641414141415,0.0054413662595796455,0.005126018900126528,0.07635979529707104,0.031534735945311705,0.04125958820528517,0.09165335580516278,0.09124075992310993,0.09124075992310987,0.9501222222222222,0.9463737373737374,0.9397373737373738,-0.002248838383838384,0.02000698352617081,6.802024951180295e-05,0.02073492676767676,5.388051116383963e-15,0.8735826401742948,0.842817385125533,0.7570649075657627,0.23985563291086545,0.4350273865600431,0.12546324158407363,0.0,101,990000,0.9368932038834952,0.9849900348779272,0.7961221588476097,0.8182868982585049,0.7365101212898952,0.7216606890555375,0.003989304152637183,0.0039934072033461785,0.008690371385576354,0.020006983526177313,0.18394343434343435,0.14596363636363635,0.11794545454545455,0.21060505050505052,0.1952080808080808,0.13011515151515152,/common/users/shared/pracsys/adaptive_roa_experiments/quadrotor_stoch/q3d_nd048_yield_a1,0.9537219544131588,0.78072318179911
fm,noisy_dynamics_f_0.048,yield_mlp,0,10000,0.027804560989493642,100.0,0.2986073356334478,100.0,0.10866038383838382,0.026004471874089392,0.025707853912656887,0.05637134040652434,0.029661796143250693,0.04125958820528517,0.09165335580516278,0.09124075992310993,0.09124075992310987,0.8759767676767677,0.8471262626262627,0.8784171717171717,-0.10070795959595964,0.060577273429241914,0.00014981928157371222,0.06128648727272727,-5.551115123125783e-16,0.5869466488594044,0.35704302240121666,0.13111866658004345,0.4233209700447426,0.4350273865600431,0.12546324158407363,0.0,101,990000,0.9828635165280876,0.9973654854864358,0.9346506123289081,0.4184048844358966,0.2174421492735025,0.07050475879950938,0.021933893480256046,0.021733957759415903,0.03126442356646778,0.060577273429247284,0.08965454545454546,0.04255858585858586,0.009815151515151515,0.21060505050505052,0.1952080808080808,0.13011515151515152,/common/users/shared/pracsys/adaptive_roa_experiments/quadrotor_stoch/q3d_nd048_yield_mlp,0.8759437627431644,0.3360722392021789
fm,noisy_dynamics_f_0.048,yield_mlp,1,15000,0.008931537501529554,100.0,0.13505565853561777,100.0,0.07150643434343434,0.004656738136494292,0.004327422920699986,0.06991092010327832,0.032931521579430696,0.04125958820528517,0.09165335580516278,0.09124075992310993,0.09124075992310987,0.9343787878787879,0.9370474747474747,0.9368333333333333,-0.005646676767676765,0.025657262740536677,8.448309062546447e-05,0.026399173838383833,5.079270337660091e-15,0.83223972172943,0.8136914637609673,0.741296928327645,0.2597692929472124,0.4350273865600431,0.12546324158407363,0.0,101,990000,0.9014937062937063,0.963450116452757,0.7935010760687621,0.7728670161487585,0.7042265181934843,0.6955377521076902,0.005606846240179283,0.005572608101213033,0.01305827557393951,0.025657262740559933,0.18055555555555555,0.14268585858585858,0.11405151515151515,0.21060505050505052,0.1952080808080808,0.13011515151515152,/common/users/shared/pracsys/adaptive_roa_experiments/quadrotor_stoch/q3d_nd048_yield_mlp,0.9389069529361335,0.7187960428852358
fm,noisy_dynamics_f_0.048,yield_mlp,2,20000,0.00794253800363579,100.0,0.1328748918905916,100.0,0.06739725252525254,0.005412082171106226,0.005101770058056537,0.07386601130960782,0.03103121130496889,0.04125958820528517,0.09165335580516278,0.09124075992310993,0.09124075992310987,0.9441242424242424,0.9430464646464647,0.9390383838383838,-0.002811757575757576,0.022476518671564125,7.48282485408327e-05,0.023199426666666672,5.492134524942571e-15,0.8575284533581271,0.8322354131333869,0.753419732304826,0.25758852630213336,0.4350273865600431,0.12546324158407363,0.0,101,990000,0.9260546927150549,0.9791296189982778,0.7952424488106122,0.7984450764751869,0.7236670530281077,0.7157762355023523,0.005455004591367788,0.005362860116312875,0.010456904379658837,0.022476518671575064,0.18158383838383838,0.14427676767676767,0.11711313131313131,0.21060505050505052,0.1952080808080808,0.13011515151515152,/common/users/shared/pracsys/adaptive_roa_experiments/quadrotor_stoch/q3d_nd048_yield_mlp,0.9478695064964886,0.7536570421979665
gp,noisy_dynamics_f_0.048,partx,0,10000,0.016212016734358264,1.0,0.1601003345647484,100.0,0.12875440761681597,0.0004290846317833183,0.0004290846317833183,0.045730838010308014,0.08455401385594057,0.04125958820528517,0.09165335580516278,0.09124075992310993,0.09124075992310987,0.8674464646464647,0.8796737373737373,0.8864737373737374,-0.00986215897970699,0.04563042719585636,0.00010162745230584777,0.04604302307790926,-0.0003085793487288199,0.6806793848549737,0.583641784367387,0.25060176696116016,0.2848139689781503,0.4350273865600431,0.12546324158407363,0.0,20,990000,0.6908293449108718,0.8992041011943867,0.8880487689617693,0.6708233612631236,0.432027983607236,0.14588476407843867,0.0015608695023131328,0.012499190847718734,0.03176052943993977,0.0456304271958611,0.2045060606060606,0.0937888888888889,0.021374747474747473,0.21060505050505052,0.1952080808080808,0.13011515151515152,/common/users/shared/pracsys/adaptive_roa_experiments/quadrotor_stoch/q3d_nd048_partx,0.8842928229215624,0.49988988217206987
gp,noisy_dynamics_f_0.048,partx,1,10000,0.017471414877954835,1.0,0.16799767513583397,100.0,0.13281632755582895,0.0004138390769847988,0.0004138390769847988,0.04373467020795485,0.0859271750522264,0.04125958820528517,0.09165335580516278,0.09124075992310993,0.09124075992310987,0.860139393939394,0.8761737373737374,0.8851212121212121,-0.007014888033057404,0.04766391023276496,0.00010342609181153489,0.048076506114817806,-0.00025601855937491813,0.6714347411334223,0.5718616411947138,0.24229503391117801,0.29271130954921726,0.4350273865600431,0.12546324158407363,0.0,20,990000,0.6644717375478477,0.8796415678184631,0.8543506859612855,0.6785452208403877,0.42363497122987126,0.14116478022575185,0.002174523899968552,0.014474253388084116,0.03288226321432395,0.04766391023276867,0.21506565656565657,0.09401212121212121,0.0214989898989899,0.21060505050505052,0.1952080808080808,0.13011515151515152,/common/users/shared/pracsys/adaptive_roa_experiments/quadrotor_stoch/q3d_nd048_partx,0.8768530249281895,0.4776028797553622
gp,noisy_dynamics_f_0.048,partx,2,10000,0.020390433549949745,1.0,0.18134321485955385,100.0,0.1564345439508363,0.001859418056708438,0.001859418056708438,0.04084893878051968,0.10505903439230964,0.04125958820528517,0.09165335580516278,0.09124075992310993,0.09124075992310987,0.8397505050505051,0.8627353535353536,0.8718343434343434,0.006712098408643706,0.051968876734417656,9.578335357772538e-05,0.05238147261647053,-0.00028236246488100303,0.6504687310662393,0.4935223698137961,0.033382597169107,0.3060568492734573,0.4350273865600431,0.12546324158407363,0.0,20,990000,0.6015787371732698,0.8821617012204871,0.8935562805872757,0.7080081918858124,0.3425922092975121,0.017009020758613193,0.004023365240600552,0.017678137770261518,0.03719229175771885,0.0519688767344243,0.24786464646464645,0.07581010101010101,0.0024767676767676766,0.21060505050505052,0.1952080808080808,0.13011515151515152,/common/users/shared/pracsys/adaptive_roa_experiments/quadrotor_stoch/q3d_nd048_partx,0.8646540102312519,0.43042038691684825
gp,noisy_dynamics_f_0.048,partx,3,10000,0.017908692606882933,1.0,0.17071302426098586,100.0,0.14376957218149958,0.0007697387806297123,0.0007697387806297123,0.04256959117077318,0.09631739712410112,0.04125958820528517,0.09165335580516278,0.09124075992310993,0.09124075992310987,0.8469838383838384,0.8729010101010101,0.8787040404040404,0.0019737609156520795,0.04915536860692244,9.755145094556942e-05,0.04956796448897532,-0.00028553892604399334,0.6564320058060419,0.5523887446195439,0.14058843315894567,0.2954266586745833,0.4350273865600431,0.12546324158407363,0.0,20,990000,0.6226502768682692,0.8837503130193275,0.9000274901493631,0.6940896599024455,0.40175208014240177,0.07624947598863478,0.0021579631850392493,0.014134827878720292,0.03451920613707035,0.04915536860692782,0.23476868686868688,0.08874141414141413,0.011023232323232324,0.21060505050505052,0.1952080808080808,0.13011515151515152,/common/users/shared/pracsys/adaptive_roa_experiments/quadrotor_stoch/q3d_nd048_partx,0.8743789791824317,0.4612564751943484
gp,noisy_dynamics_f_0.048,partx,4,10000,0.018553838690057556,1.0,0.17347877434972062,100.0,0.14422799738907396,0.0009596524060969214,0.0009596524060969214,0.042382041435738385,0.09693399893126338,0.04125958820528517,0.09165335580516278,0.09124075992310993,0.09124075992310987,0.8438686868686869,0.8736252525252525,0.8786818181818182,0.004842601998226446,0.049512458313190635,9.830242743248424e-05,0.049925054195243464,-0.00030591258027784507,0.6570172012852147,0.5620972681612152,0.14179451085752667,0.298192408763336,0.4350273865600431,0.12546324158407363,0.0,20,990000,0.6113476348770467,0.8685545544029681,0.8910642119443197,0.7100609595249857,0.4154955085482469,0.07702578912230038,0.0030338344593059466,0.015420120356637701,0.03454678749958691,0.04951245831319501,0.2446111111111111,0.09338282828282829,0.011247474747474747,0.21060505050505052,0.1952080808080808,0.13011515151515152,/common/users/shared/pracsys/adaptive_roa_experiments/quadrotor_stoch/q3d_nd048_partx,0.8717811004131507,0.45734276703837606
gp,noisy_dynamics_f_0.048,partx,5,10000,0.0174339932494184,1.0,0.16813773703668736,100.0,0.13922231027677542,0.0007918291639220169,0.0007918291639220169,0.04375127126217241,0.09449612783078856,0.04125958820528517,0.09165335580516278,0.09124075992310993,0.09124075992310987,0.8478808080808081,0.8793616161616161,0.8813343434343435,0.005802950916410163,0.048005283842115234,9.84256515180229e-05,0.04841787972416809,-0.00027603398274429064,0.6646058732612056,0.5944886969394476,0.18735084357684884,0.29285137145022583,0.4350273865600431,0.12546324158407363,0.0,20,990000,0.6203667901496347,0.8645053621156163,0.859864118356721,0.7156389239276927,0.4530001655834748,0.10512832456099493,0.002327591346715217,0.01408504113406775,0.03292725644726049,0.048005283842120425,0.24294848484848486,0.10228888888888889,0.01590808080808081,0.21060505050505052,0.1952080808080808,0.13011515151515152,/common/users/shared/pracsys/adaptive_roa_experiments/quadrotor_stoch/q3d_nd048_partx,0.8771798917238335,0.47386142024058
gp,noisy_dynamics_f_0.048,partx,6,10000,0.01698417700614323,1.0,0.16604751173386423,100.0,0.13543458084362422,0.00037600539456025567,0.00037600539456025567,0.043725922318272915,0.09084409083965604,0.04125958820528517,0.09165335580516278,0.09124075992310993,0.09124075992310987,0.8528727272727272,0.8800525252525252,0.8851464646464646,0.0027488539433664994,0.04757808626683368,0.00010116796092055573,0.04799068214888653,-0.0003127567325635905,0.6672210849539405,0.5996358732299393,0.24180997406130603,0.2907611461473947,0.4350273865600431,0.12546324158407363,0.0,20,990000,0.6370938537589933,0.8604853692522062,0.8571023398723706,0.7003390903553495,0.4601461274164838,0.14076109739624576,0.0017497055556720703,0.01363789287268243,0.03243127221334235,0.04757808626683872,0.23151212121212122,0.1043878787878788,0.02136868686868687,0.21060505050505052,0.1952080808080808,0.13011515151515152,/common/users/shared/pracsys/adaptive_roa_experiments/quadrotor_stoch/q3d_nd048_partx,0.8783649360439441,0.47854351161774045
gp,noisy_dynamics_f_0.048,partx,7,10000,0.022960947144905947,1.0,0.189043258912745,100.0,0.16076497687233884,0.0023624993918136563,0.0023624993918136563,0.03985535727744167,0.106788021989474,0.04125958820528517,0.09165335580516278,0.09124075992310993,0.09124075992310987,0.8363959595959596,0.8590111111111111,0.8710747474747474,0.006129378149652073,0.0534657071377801,9.730329977949105e-05,0.053878303019832936,-0.00028219489970182643,0.6431369611294964,0.4646299599179181,0.019963758100678766,0.31375689332675927,0.4350273865600431,0.12546324158407363,0.0,20,990000,0.5948191892145236,0.8978490638758357,0.9142053445850914,0.6999985611441781,0.31340812186943745,0.010092070737652739,0.007830745704695526,0.020702283704856047,0.039035868811524814,0.05346570713778438,0.24784545454545454,0.06814040404040404,0.0014363636363636364,0.21060505050505052,0.1952080808080808,0.13011515151515152,/common/users/shared/pracsys/adaptive_roa_experiments/quadrotor_stoch/q3d_nd048_partx,0.8553335760201078,0.41401510484090054
gp,noisy_dynamics_f_0.048,partx,8,10000,0.03572770772917355,1.0,0.22804235619205615,100.0,0.19425410238871185,0.003756671488337999,0.003756671488337999,0.03049230121425111,0.1266312904864003,0.04125958820528517,0.09165335580516278,0.09124075992310993,0.09124075992310987,0.7951474747474747,0.8372727272727273,0.8698848484848485,0.025373861012570567,0.06422049118200446,9.962355848295773e-05,0.06463308706405732,-0.0002846390151923506,0.5839422946730073,0.326059855590231,nan,0.35275599060661145,0.4350273865600431,0.12546324158407363,0.0,20,990000,0.5102081787318556,0.8511553750054602,nan,0.6825884056997875,0.20165479985097487,0.0,0.024617431612823565,0.03144070402724672,0.04898034638790941,0.06422049118201206,0.28176060606060604,0.04624848484848485,0.0,0.21060505050505052,0.1952080808080808,0.13011515151515152,/common/users/shared/pracsys/adaptive_roa_experiments/quadrotor_stoch/q3d_nd048_partx,0.8073821910025818,0.2961425218715391
gp,noisy_dynamics_f_0.048,partx,9,10000,0.02666120985539757,1.0,0.20427939195826642,100.0,0.17448052683251583,0.003460911254726483,0.003460911254726483,0.03610809402166634,0.11213768769946456,0.04125958820528517,0.09165335580516278,0.09124075992310993,0.09124075992310987,0.8289343434343435,0.8400252525252525,0.8698848484848485,0.003886760196072097,0.058302816189542785,9.971425095532728e-05,0.05871541207159565,-0.00029076096662726536,0.621731429426572,0.32610110930033653,nan,0.3289930263725221,0.4350273865600431,0.12546324158407363,0.0,20,990000,0.5818186378609769,0.9176664990301028,nan,0.6675235852450132,0.19828103655255205,0.0,0.01093244902228621,0.02496985208237621,0.04297785665624967,0.05830281618954807,0.24162828282828283,0.04217878787878788,0.0,0.21060505050505052,0.1952080808080808,0.13011515151515152,/common/users/shared/pracsys/adaptive_roa_experiments/quadrotor_stoch/q3d_nd048_partx,0.837062349455753,0.3610003222389253
gp,noisy_dynamics_f_0.048,partx,10,10000,0.017461837459629422,1.0,0.16684580704168153,100.0,0.13936264890670633,0.0008122493687060073,0.0008122493687060073,0.044049485282871885,0.09347902029798187,0.04125958820528517,0.09165335580516278,0.09124075992310993,0.09124075992310987,0.8550828282828283,0.8758292929292929,0.8789313131313131,-0.0016264262689883382,0.04769980780671516,9.804119302089571e-05,0.04811240368876798,-0.00030371620222891665,0.6679995927170401,0.5656295825162099,0.14292865008652372,0.29155944145525337,0.4350273865600431,0.12546324158407363,0.0,20,990000,0.6453966990560427,0.8917982373062653,0.9059100797679478,0.6922431282644042,0.4141553172993335,0.0775847345785396,0.001961567861061479,0.014118864175715812,0.03360684932699176,0.04769980780672064,0.2258919191919192,0.09065555555555556,0.011143434343434344,0.21060505050505052,0.1952080808080808,0.13011515151515152,/common/users/shared/pracsys/adaptive_roa_experiments/quadrotor_stoch/q3d_nd048_partx,0.8775675211365539,0.4772094418447129
gp,noisy_dynamics_f_0.048,partx,11,10000,0.030456304688560098,1.0,0.2152364315359531,100.0,0.1836486846098943,0.0035303081668827266,0.0035303081668827266,0.03354716371534922,0.12049109596794824,0.04125958820528517,0.09165335580516278,0.09124075992310993,0.09124075992310987,0.8035626262626263,0.8468949494949495,0.8698848484848485,0.02002970352823784,0.06089091884126883,9.895201088499515e-05,0.06130351472332168,-0.00033298553337460235,0.5972868481923019,0.3894791960365731,nan,0.33995006595035715,0.4350273865600431,0.12546324158407363,0.0,20,990000,0.5255568350776946,0.8788308430581306,nan,0.6916915668660282,0.2501759324419423,0.0,0.017103109355154775,0.0281630500673347,0.0463653766656149,0.06089091884127429,0.27717979797979797,0.05556969696969697,0.0,0.21060505050505052,0.1952080808080808,0.13011515151515152,/common/users/shared/pracsys/adaptive_roa_experiments/quadrotor_stoch/q3d_nd048_partx,0.8234586804027294,0.33263468111639327
gp,noisy_dynamics_f_0.048,partx,12,10000,0.02355817350506538,1.0,0.19765438418333844,100.0,0.16581957600026717,0.00177736992906941,0.00177736992906941,0.0348955541185054,0.103190022738202,0.04125958820528517,0.09165335580516278,0.09124075992310993,0.09124075992310987,0.838690909090909,0.8378494949494949,0.8701010101010102,-0.007816291632860961,0.057856172493281406,0.00010394544552014638,0.058268768375334234,-0.0002664032403925515,0.6231718539842847,0.32180110604607537,0.003919260142828373,0.32236801859732334,0.4350273865600431,0.12546324158407363,0.0,20,990000,0.6133419418368626,0.8766659761066224,0.8664383561643836,0.6333219823596277,0.19707020739330214,0.001964072228173956,0.006322698235398714,0.02070478971504037,0.04150212018533566,0.0578561724932858,0.21746565656565656,0.04388181818181818,0.00029494949494949493,0.21060505050505052,0.1952080808080808,0.13011515151515152,/common/users/shared/pracsys/adaptive_roa_experiments/quadrotor_stoch/q3d_nd048_partx,0.8460300289926423,0.36589554337296426
gp,noisy_dynamics_f_0.048,partx,13,10000,0.01817709516894744,1.0,0.17120537874241007,100.0,0.14146445601752566,0.0009077633033910312,0.0009077633033910312,0.04306259160191725,0.09392811091759072,0.04125958820528517,0.09165335580516278,0.09124075992310993,0.09124075992310987,0.8504636363636363,0.8726737373737373,0.8785757575757576,-0.0013694818893399217,0.04881643391578576,9.848562552020126e-05,0.04922902979783861,-0.0002694977087979514,0.6626576581708804,0.5496965301915843,0.13951324266284892,0.2959190131559396,0.4350273865600431,0.12546324158407363,0.0,20,990000,0.6312330146822606,0.8876812848291855,0.8951864780451957,0.6973750473623375,0.3981144181810655,0.07565171487571226,0.002804988047091987,0.014865679364750637,0.03423343860628815,0.04881643391579005,0.23267272727272728,0.08754848484848485,0.010995959595959596,0.21060505050505052,0.1952080808080808,0.13011515151515152,/common/users/shared/pracsys/adaptive_roa_experiments/quadrotor_stoch/q3d_nd048_partx,0.874006151082404,0.4649712041315286
gp,noisy_dynamics_f_0.048,partx,14,10000,0.025468971017970375,1.0,0.19970482293612812,100.0,0.1700887455109171,0.0032925347586217246,0.0032925347586217246,0.03734950490191541,0.11036732337484063,0.04125958820528517,0.09165335580516278,0.09124075992310993,0.09124075992310987,0.8295585858585859,0.8452464646464647,0.8698848484848485,0.004563037537459152,0.05688670118034721,9.841207780544497e-05,0.057299297062400056,-0.0002970885994690378,0.6299911191027003,0.36812887686419427,nan,0.3244184573502578,0.4350273865600431,0.12546324158407363,0.0,20,990000,0.5803155904595695,0.9069460250365794,nan,0.6889673331766579,0.23093202798360724,0.0,0.009934751528676327,0.023544832810928847,0.041821007714149455,0.056886701180351655,0.2500363636363636,0.0497050505050505,0.0,0.21060505050505052,0.1952080808080808,0.13011515151515152,/common/users/shared/pracsys/adaptive_roa_experiments/quadrotor_stoch/q3d_nd048_partx,0.8440502710282898,0.3765209624702097
gp,noisy_dynamics_f_0.048,partx,15,10000,0.02899368212655575,1.0,0.22157326241761693,100.0,0.20135009796152054,0.006493124888232688,0.006493124888232688,0.034551974551492066,0.1413062176271934,0.04125958820528517,0.09165335580516278,0.09124075992310993,0.09124075992310987,0.7685767676767676,0.8521323232323232,0.8700484848484848,0.05569577193641092,0.06289021517327313,8.596496442691817e-05,0.06330281105532594,-0.000291695086577462,0.586352516361995,0.44313586755984646,0.00271313623044604,0.3462868968322934,0.4350273865600431,0.12546324158407363,0.0,20,990000,0.4701629528398036,0.8365673249551167,0.9308510638297872,0.7788190830651466,0.30139297098149603,0.001358547983914792,0.011924551214627177,0.025482798675342838,0.04818186549310897,0.06289021517328082,0.3488646464646465,0.07032828282828282,0.0001898989898989899,0.21060505050505052,0.1952080808080808,0.13011515151515152,/common/users/shared/pracsys/adaptive_roa_experiments/quadrotor_stoch/q3d_nd048_partx,0.8395366300252949,0.31072236546175436
gp,noisy_dynamics_f_0.048,partx,16,10000,0.022480134705574598,1.0,0.18776305286016143,100.0,0.15667711067238688,0.0018846536933652832,0.0018846536933652832,0.03993289389905293,0.10367460824116141,0.04125958820528517,0.09165335580516278,0.09124075992310993,0.09124075992310987,0.8366989898989899,0.8633131313131314,0.8725575757575758,0.005455432149376031,0.05290964100181321,9.875587290197864e-05,0.053322236883866066,-0.0002828787156090584,0.6438340471280777,0.4962100341022472,0.04502104211450544,0.3124766872740725,0.4350273865600431,0.12546324158407363,0.0,20,990000,0.5954126309527206,0.8844561235865583,0.9006662628709873,0.7008283013347786,0.34483793517406963,0.023087552595214805,0.007088779510178421,0.02045206744851558,0.03832939164701183,0.05290964100181824,0.2478919191919192,0.0761090909090909,0.0033353535353535355,0.21060505050505052,0.1952080808080808,0.13011515151515152,/common/users/shared/pracsys/adaptive_roa_experiments/quadrotor_stoch/q3d_nd048_partx,0.8556571567604254,0.42010959743867704
gp,noisy_dynamics_f_0.048,partx,17,10000,0.021983292314854155,1.0,0.2039349506786341,100.0,0.1464672316947519,0.001623293836166393,0.001623293836166393,0.0327846290778342,0.08531178396264011,0.04125958820528517,0.09165335580516278,0.09124075992310993,0.09124075992310987,0.829279797979798,0.8509282828282828,0.88199898989899,0.0005270703120039707,0.06005576163951405,0.00012547425339548183,0.06046835752156687,-2.3663041928093098e-05,0.6160374936673778,0.5033868932447211,0.2643838117967092,0.32864858509186673,0.4350273865600431,0.12546324158407363,0.0,20,990000,0.5852159425419324,0.7197625073374455,0.6999299836628546,0.6502860924992446,0.38703584882228753,0.16297141615041844,0.0029556467678649046,0.017469732055239624,0.04211827878135152,0.060055761639519104,0.23402222222222221,0.10496868686868686,0.030295959595959595,0.21060505050505052,0.1952080808080808,0.13011515151515152,/common/users/shared/pracsys/adaptive_roa_experiments/quadrotor_stoch/q3d_nd048_partx,0.8508125554226639,0.3417880156837355
