system,arm,train_traj,F1,FPR,FNR,abstain_pct
pendulum,clf_adaptive,50,0.8875,0.1596,0.0133,4.747
pendulum,clf_adaptive,100,0.9082,0.1166,0.0149,0.480
pendulum,clf_adaptive,150,0.9426,0.0707,0.0091,0.468
pendulum,clf_adaptive,200,0.9848,0.0171,0.0036,0.691
pendulum,clf_adaptive,250,0.9718,0.0142,0.0335,0.322
pendulum,clf_adaptive,300,0.9885,0.0136,0.0017,0.187
pendulum,clf_adaptive,350,0.9933,0.0057,0.0044,0.133
pendulum,clf_adaptive,400,0.9971,0.0020,0.0026,0.301
pendulum,clf_adaptive,450,0.9961,0.0011,0.0061,0.092
pendulum,clf_adaptive,500,0.9986,0.0011,0.0010,0.351
pendulum,clf_nonadapt,50,0.8875,0.1596,0.0133,4.747
pendulum,clf_nonadapt,100,0.9272,0.0618,0.0560,5.536
pendulum,clf_nonadapt,150,0.9721,0.0185,0.0266,0.474
pendulum,clf_nonadapt,200,0.9766,0.0184,0.0181,0.591
pendulum,clf_nonadapt,250,0.9676,0.0128,0.0435,1.087
pendulum,clf_nonadapt,300,0.9670,0.0257,0.0256,1.214
pendulum,clf_nonadapt,350,0.9629,0.0307,0.0263,0.226
pendulum,clf_nonadapt,400,0.9674,0.0310,0.0170,0.707
pendulum,clf_nonadapt,450,0.9797,0.0184,0.0117,0.367
pendulum,clf_nonadapt,500,0.9781,0.0177,0.0158,0.537
pendulum,fm_ranked,100,0.9497,0.0028,0.0893,30.835
pendulum,fm_ranked,150,0.9881,0.0019,0.0206,27.714
pendulum,fm_ranked,200,0.9780,0.0036,0.0375,10.250
pendulum,fm_ranked,250,0.9742,0.0021,0.0471,2.985
pendulum,fm_ranked,300,0.9813,0.0000,0.0367,4.652
pendulum,fm_ranked,350,0.9910,0.0008,0.0167,3.102
pendulum,fm_ranked,400,0.9958,0.0031,0.0035,4.261
pendulum,fm_ranked,450,0.9820,0.0000,0.0353,2.635
pendulum,fm_ranked,500,0.9727,0.0000,0.0532,11.843
pendulum,fm_ranked,550,0.9745,0.0007,0.0489,12.352
pendulum,fm_ranked,600,0.9667,0.0000,0.0644,9.305
pendulum,fm_ranked,650,0.9816,0.0000,0.0362,9.678
pendulum,fm_ranked,700,0.9858,0.0090,0.0162,10.086
pendulum,fm_ranked,750,0.9878,0.0000,0.0240,2.590
pendulum,fm_ranked,800,0.9941,0.0006,0.0109,10.925
pendulum,fm_ranked,850,0.9935,0.0006,0.0122,11.124
pendulum,fm_ranked,900,0.9974,0.0014,0.0034,17.164
pendulum,fm_ranked,950,0.9966,0.0040,0.0015,9.777
pendulum,fm_ranked,1000,0.9976,0.0028,0.0011,9.375
pendulum,fm_ranked,1050,0.9975,0.0022,0.0022,13.166
pendulum,fm_direct,100,0.9492,0.0025,0.0911,30.685
pendulum,fm_direct,150,0.9717,0.0043,0.0487,20.554
pendulum,fm_direct,200,0.9742,0.0015,0.0474,11.741
pendulum,fm_direct,250,0.9945,0.0010,0.0093,9.539
pendulum,fm_direct,300,0.9793,0.0004,0.0399,1.770
pendulum,fm_direct,350,0.9867,0.0026,0.0223,3.922
pendulum,fm_direct,400,0.9726,0.0000,0.0534,2.036
pendulum,fm_direct,450,0.9857,0.0005,0.0274,3.065
pendulum,fm_direct,500,0.9741,0.0000,0.0505,5.946
pendulum,fm_direct,550,0.9751,0.0000,0.0486,8.965
pendulum,fm_direct,600,0.9767,0.0000,0.0456,4.993
pendulum,fm_direct,646,0.9817,0.0031,0.0316,6.750
pendulum,fm_direct,696,0.9848,0.0000,0.0299,4.525
pendulum,fm_direct,736,0.9911,0.0003,0.0173,6.773
pendulum,fm_direct,786,0.9937,0.0093,0.0006,12.461
pendulum,fm_direct,836,0.9961,0.0003,0.0074,7.316
pendulum,fm_direct,886,0.9901,0.0002,0.0193,4.111
pendulum,fm_direct,927,0.9968,0.0019,0.0038,8.089
pendulum,fm_direct,957,0.9977,0.0007,0.0037,6.426
pendulum,fm_direct,971,0.9962,0.0003,0.0072,3.053
pendulum,fm_nonadapt,50,0.9990,0.0005,0.0000,73.758
pendulum,fm_nonadapt,100,0.9341,0.0034,0.1145,51.624
pendulum,fm_nonadapt,150,0.9833,0.0087,0.0188,18.716
pendulum,fm_nonadapt,200,0.9830,0.0050,0.0254,11.575
pendulum,fm_nonadapt,250,0.9932,0.0035,0.0080,9.883
pendulum,fm_nonadapt,300,0.9824,0.0114,0.0165,6.344
pendulum,fm_nonadapt,350,0.9801,0.0078,0.0270,5.540
pendulum,fm_nonadapt,400,0.9826,0.0097,0.0190,7.699
pendulum,fm_nonadapt,450,0.9896,0.0100,0.0059,7.109
pendulum,fm_nonadapt,500,0.9932,0.0053,0.0048,8.007
pendulum,fm_nonadapt,550,0.9882,0.0123,0.0041,3.533
pendulum,fm_nonadapt,600,0.9869,0.0102,0.0099,4.661
pendulum,fm_nonadapt,650,0.9922,0.0002,0.0152,57.644
pendulum,fm_nonadapt,700,0.9877,0.0020,0.0208,23.830
pendulum,fm_nonadapt,750,0.9629,0.0000,0.0715,33.656
pendulum,fm_nonadapt,800,0.9884,0.0045,0.0158,2.231
pendulum,fm_nonadapt,850,0.9921,0.0009,0.0133,48.163
pendulum,fm_nonadapt,900,0.9880,0.0003,0.0231,19.428
pendulum,fm_nonadapt,950,0.9947,0.0020,0.0067,32.057
pendulum,fm_nonadapt,1000,0.9941,0.0005,0.0109,15.542
cartpole,clf_adaptive,300,0.8916,0.0179,0.1291,0.581
cartpole,clf_adaptive,400,0.9236,0.0212,0.0580,0.725
cartpole,clf_adaptive,500,0.9248,0.0055,0.1168,1.631
cartpole,clf_adaptive,600,0.9803,0.0046,0.0175,3.533
cartpole,clf_adaptive,700,0.9808,0.0021,0.0278,2.024
cartpole,clf_adaptive,800,0.9813,0.0016,0.0291,2.405
cartpole,clf_adaptive,900,0.9806,0.0015,0.0316,0.781
cartpole,clf_adaptive,1000,0.9919,0.0022,0.0062,1.661
cartpole,clf_nonadapt,300,0.8916,0.0179,0.1291,0.581
cartpole,clf_nonadapt,400,0.9168,0.0204,0.0735,0.769
cartpole,clf_nonadapt,500,0.9103,0.0012,0.1565,19.136
cartpole,clf_nonadapt,600,0.8135,0.0271,0.1865,18.860
cartpole,clf_nonadapt,700,0.9377,0.0133,0.0558,11.806
cartpole,clf_nonadapt,800,0.9596,0.0023,0.0649,6.735
cartpole,clf_nonadapt,900,0.9868,0.0018,0.0162,8.674
cartpole,clf_nonadapt,1000,0.9837,0.0018,0.0226,8.153
cartpole,fm_ranked,300,0.9631,0.0090,0.0264,36.823
cartpole,fm_ranked,350,0.9756,0.0034,0.0270,35.032
cartpole,fm_ranked,400,0.9765,0.0033,0.0269,22.177
cartpole,fm_ranked,450,0.9727,0.0010,0.0446,11.916
cartpole,fm_ranked,500,0.9840,0.0010,0.0249,10.074
cartpole,fm_ranked,550,0.9847,0.0014,0.0224,6.866
cartpole,fm_ranked,600,0.9824,0.0022,0.0238,4.012
cartpole,fm_ranked,650,0.9876,0.0030,0.0104,5.584
cartpole,fm_ranked,700,0.9832,0.0018,0.0244,3.024
cartpole,fm_ranked,750,0.9861,0.0016,0.0199,2.430
cartpole,fm_ranked,800,0.9865,0.0026,0.0148,2.308
cartpole,fm_ranked,850,0.9934,0.0018,0.0050,5.228
cartpole,fm_ranked,900,0.9918,0.0024,0.0051,3.268
cartpole,fm_ranked,950,0.9948,0.0016,0.0030,4.030
cartpole,fm_ranked,1000,0.9924,0.0015,0.0082,1.643
cartpole,fm_ranked,1050,0.9966,0.0008,0.0032,2.193
cartpole,fm_ranked,1100,0.9933,0.0019,0.0046,1.578
cartpole,fm_ranked,1150,0.9933,0.0019,0.0046,1.283
cartpole,fm_ranked,1200,0.9958,0.0005,0.0057,1.342
cartpole,fm_ranked,1250,0.9963,0.0008,0.0038,1.697
cartpole,fm_direct,300,0.9562,0.0117,0.0251,35.663
cartpole,fm_direct,350,0.9849,0.0019,0.0156,20.860
cartpole,fm_direct,400,0.9871,0.0029,0.0075,13.107
cartpole,fm_direct,450,0.9720,0.0010,0.0476,10.756
cartpole,fm_direct,500,0.9687,0.0005,0.0571,8.968
cartpole,fm_direct,550,0.9901,0.0011,0.0128,10.242
cartpole,fm_direct,600,0.9891,0.0013,0.0147,6.921
cartpole,fm_direct,650,0.9904,0.0006,0.0154,8.125
cartpole,fm_direct,700,0.9923,0.0007,0.0119,4.867
cartpole,fm_direct,750,0.9901,0.0006,0.0165,3.485
cartpole,fm_direct,800,0.9902,0.0007,0.0161,2.634
cartpole,fm_direct,850,0.9879,0.0019,0.0153,1.611
cartpole,fm_direct,900,0.9871,0.0008,0.0216,1.373
cartpole,fm_direct,950,0.9887,0.0008,0.0189,1.261
cartpole,fm_direct,1000,0.9896,0.0009,0.0164,0.987
cartpole,fm_direct,1050,0.9897,0.0010,0.0159,0.833
cartpole,fm_direct,1100,0.9951,0.0006,0.0067,1.888
cartpole,fm_direct,1150,0.9936,0.0020,0.0037,2.117
cartpole,fm_direct,1200,0.9950,0.0014,0.0038,2.073
cartpole,fm_direct,1250,0.9926,0.0027,0.0029,2.377
cartpole,fm_nonadapt,300,0.9568,0.0115,0.0246,35.709
cartpole,fm_nonadapt,350,0.9820,0.0028,0.0144,20.701
cartpole,fm_nonadapt,400,0.9784,0.0043,0.0138,16.815
cartpole,fm_nonadapt,450,0.9732,0.0029,0.0311,15.023
cartpole,fm_nonadapt,500,0.9773,0.0023,0.0258,14.798
cartpole,fm_nonadapt,550,0.9857,0.0020,0.0131,17.086
cartpole,fm_nonadapt,600,0.9874,0.0021,0.0111,16.150
cartpole,fm_nonadapt,650,0.9801,0.0040,0.0127,13.650
cartpole,fm_nonadapt,700,0.9843,0.0015,0.0201,13.473
cartpole,fm_nonadapt,750,0.9824,0.0052,0.0069,8.428
cartpole,fm_nonadapt,800,0.9815,0.0041,0.0103,13.128
cartpole,fm_nonadapt,850,0.9862,0.0009,0.0206,12.122
cartpole,fm_nonadapt,900,0.9905,0.0013,0.0107,9.610
cartpole,fm_nonadapt,950,0.9874,0.0018,0.0144,8.381
cartpole,fm_nonadapt,1000,0.9839,0.0014,0.0236,7.587
cartpole,fm_nonadapt,1050,0.9895,0.0014,0.0122,9.462
cartpole,fm_nonadapt,1100,0.9922,0.0010,0.0098,8.563
cartpole,fm_nonadapt,1150,0.9908,0.0012,0.0110,8.332
cartpole,fm_nonadapt,1200,0.9910,0.0017,0.0088,7.772
cartpole,fm_nonadapt,1250,0.9921,0.0015,0.0075,8.782
quad2d,clf_adaptive,3000,0.5882,0.0023,0.5612,6.917
quad2d,clf_adaptive,4000,0.6678,0.0005,0.4917,7.319
quad2d,clf_adaptive,5000,0.8861,0.0001,0.1984,11.193
quad2d,clf_adaptive,6000,0.6138,0.0001,0.5560,6.347
quad2d,clf_adaptive,7000,0.7431,0.0002,0.4048,7.086
quad2d,clf_adaptive,8000,0.6255,0.0002,0.5419,7.527
quad2d,clf_adaptive,9000,0.9310,0.0003,0.1176,12.455
quad2d,clf_adaptive,10000,0.9320,0.0003,0.1167,9.880
quad2d,clf_adaptive,11000,0.8681,0.0001,0.2241,12.100
quad2d,clf_adaptive,12000,0.8653,0.0001,0.2309,10.742
quad2d,clf_nonadapt,3000,0.5882,0.0023,0.5612,6.917
quad2d,clf_nonadapt,4000,0.7180,0.0012,0.4165,10.914
quad2d,clf_nonadapt,5000,0.7654,0.0011,0.3540,10.126
quad2d,clf_nonadapt,6000,0.6786,0.0008,0.4633,11.134
quad2d,clf_nonadapt,7000,0.7645,0.0004,0.3671,11.428
quad2d,clf_nonadapt,8000,0.5759,0.0002,0.5892,11.684
quad2d,clf_nonadapt,9000,0.8873,0.0006,0.1697,13.942
quad2d,clf_nonadapt,10000,0.8631,0.0006,0.2162,11.404
quad2d,clf_nonadapt,11000,0.8551,0.0010,0.2124,11.199
quad2d,clf_nonadapt,12000,0.9095,0.0008,0.1348,11.530
quad2d,fm_direct,3000,0.6608,0.0006,0.4966,32.049
quad2d,fm_direct,4000,0.5931,0.0007,0.5684,15.615
quad2d,fm_direct,5000,0.7104,0.0007,0.4386,10.445
quad2d,fm_direct,6000,0.8708,0.0013,0.2091,11.097
quad2d,fm_direct,7000,0.8517,0.0009,0.2434,7.393
quad2d,fm_direct,8000,0.9130,0.0017,0.1350,8.110
quad2d,fm_direct,9000,0.9154,0.0012,0.1368,7.759
quad2d,fm_direct,10000,0.9211,0.0012,0.1274,7.105
quad2d,fm_direct,11000,0.9422,0.0013,0.0884,8.839
quad2d,fm_direct,12000,0.9329,0.0016,0.1040,6.005
quad2d,fm_nonadapt,3000,0.5873,0.0006,0.5755,24.454
quad2d,fm_nonadapt,4000,0.4782,0.0006,0.6794,22.924
quad2d,fm_nonadapt,5000,0.6285,0.0017,0.5239,15.855
quad2d,fm_nonadapt,6000,0.7506,0.0021,0.3673,18.777
quad2d,fm_nonadapt,7000,0.7188,0.0025,0.4065,13.188
quad2d,fm_nonadapt,8000,0.8231,0.0028,0.2599,15.117
quad2d,fm_nonadapt,9000,0.8105,0.0021,0.2865,14.954
quad2d,fm_nonadapt,10000,0.8694,0.0027,0.1897,18.603
quad2d,fm_nonadapt,11000,0.8849,0.0022,0.1711,19.049
quad2d,fm_nonadapt,12000,0.8547,0.0018,0.2261,13.213
quad3d,clf_adaptive,10000,0.9355,0.0104,0.0848,39.304
quad3d,clf_adaptive,11000,0.9432,0.0059,0.0852,38.741
quad3d,clf_adaptive,12000,0.9528,0.0077,0.0624,39.916
quad3d,clf_adaptive,13000,0.9397,0.0117,0.0728,38.173
quad3d,clf_adaptive,14000,0.9384,0.0102,0.0794,33.060
quad3d,clf_adaptive,15000,0.9469,0.0063,0.0767,33.853
quad3d,clf_adaptive,16000,0.9397,0.0058,0.0914,30.859
quad3d,clf_adaptive,17000,0.9378,0.0076,0.0899,30.144
quad3d,clf_adaptive,18000,0.9424,0.0076,0.0814,28.332
quad3d,clf_adaptive,19000,0.9461,0.0044,0.0847,29.116
quad3d,clf_adaptive,20000,0.9434,0.0045,0.0897,28.945
quad3d,clf_adaptive,21000,0.9444,0.0076,0.0771,25.724
quad3d,clf_adaptive,22000,0.9514,0.0066,0.0677,26.985
quad3d,clf_adaptive,23000,0.9388,0.0062,0.0922,23.653
quad3d,clf_adaptive,24000,0.9529,0.0050,0.0704,27.937
quad3d,clf_nonadapt,10000,0.9358,0.0112,0.0819,39.584
quad3d,clf_nonadapt,11000,0.9517,0.0083,0.0623,42.395
quad3d,clf_nonadapt,12000,0.9329,0.0075,0.0974,34.112
quad3d,clf_nonadapt,13000,0.9370,0.0059,0.0954,36.006
quad3d,clf_nonadapt,14000,0.9180,0.0052,0.1307,35.338
quad3d,clf_nonadapt,15000,0.9450,0.0068,0.0784,36.283
quad3d,clf_nonadapt,16000,0.9501,0.0071,0.0681,37.242
quad3d,clf_nonadapt,17000,0.9428,0.0059,0.0857,32.197
quad3d,clf_nonadapt,18000,0.9532,0.0092,0.0568,36.375
quad3d,clf_nonadapt,19000,0.9491,0.0063,0.0727,34.336
quad3d,clf_nonadapt,20000,0.9391,0.0080,0.0853,28.068
quad3d,clf_nonadapt,21000,0.9401,0.0046,0.0944,33.825
quad3d,clf_nonadapt,22000,0.9376,0.0069,0.0914,28.249
quad3d,clf_nonadapt,23000,0.9341,0.0057,0.1020,28.308
quad3d,clf_nonadapt,24000,0.9369,0.0040,0.1030,27.933
quad3d,fm_ranked,10000,0.9397,0.0039,0.0960,42.912
quad3d,fm_ranked,11000,0.9463,0.0105,0.0673,36.016
quad3d,fm_ranked,12000,0.9292,0.0061,0.1094,29.721
quad3d,fm_ranked,13000,0.9523,0.0050,0.0725,34.074
quad3d,fm_ranked,14000,0.9515,0.0053,0.0730,31.606
quad3d,fm_ranked,15000,0.9503,0.0063,0.0721,30.417
quad3d,fm_ranked,16000,0.9513,0.0050,0.0742,29.145
quad3d,fm_ranked,17000,0.9482,0.0052,0.0797,27.614
quad3d,fm_ranked,18000,0.9488,0.0046,0.0803,26.562
quad3d,fm_ranked,19000,0.9505,0.0048,0.0767,26.785
quad3d,fm_ranked,20000,0.9438,0.0051,0.0880,24.327
quad3d,fm_ranked,21000,0.9559,0.0052,0.0656,28.447
quad3d,fm_ranked,22000,0.9547,0.0046,0.0699,27.601
quad3d,fm_ranked,23000,0.9519,0.0067,0.0685,26.433
quad3d,fm_ranked,24000,0.9519,0.0050,0.0736,26.370
quad3d,fm_ranked,25000,0.9513,0.0039,0.0786,24.848
quad3d,fm_direct,10000,0.9388,0.0040,0.0970,42.898
quad3d,fm_direct,11000,0.9357,0.0066,0.0968,30.937
quad3d,fm_direct,12000,0.9359,0.0054,0.1000,31.788
quad3d,fm_direct,13000,0.9360,0.0067,0.0962,27.364
quad3d,fm_direct,14000,0.9527,0.0055,0.0704,31.883
quad3d,fm_direct,15000,0.9526,0.0063,0.0679,30.943
quad3d,fm_direct,16000,0.9495,0.0071,0.0710,29.212
quad3d,fm_direct,17000,0.9469,0.0048,0.0834,27.928
quad3d,fm_direct,18000,0.9485,0.0068,0.0739,27.608
quad3d,fm_direct,19000,0.9521,0.0055,0.0715,27.417
quad3d,fm_direct,20000,0.9491,0.0048,0.0789,25.813
quad3d,fm_direct,21000,0.9577,0.0075,0.0553,29.406
quad3d,fm_direct,22000,0.9471,0.0048,0.0825,23.916
quad3d,fm_direct,23000,0.9577,0.0061,0.0594,27.325
quad3d,fm_direct,24000,0.9576,0.0044,0.0650,27.440
quad3d,fm_direct,25000,0.9525,0.0065,0.0678,25.220
quad3d,fm_nonadapt,10000,0.9391,0.0039,0.0973,42.885
quad3d,fm_nonadapt,11000,0.9309,0.0076,0.1015,31.652
quad3d,fm_nonadapt,12000,0.9363,0.0079,0.0914,30.638
quad3d,fm_nonadapt,13000,0.9376,0.0083,0.0880,29.845
quad3d,fm_nonadapt,14000,0.9499,0.0070,0.0704,33.375
quad3d,fm_nonadapt,15000,0.9382,0.0062,0.0937,28.283
quad3d,fm_nonadapt,16000,0.9533,0.0065,0.0648,34.054
quad3d,fm_nonadapt,17000,0.9368,0.0077,0.0910,25.988
quad3d,fm_nonadapt,18000,0.9475,0.0090,0.0669,32.377
quad3d,fm_nonadapt,19000,0.9546,0.0056,0.0663,29.729
quad3d,fm_nonadapt,20000,0.9525,0.0066,0.0670,29.155
quad3d,fm_nonadapt,21000,0.9529,0.0056,0.0691,28.429
quad3d,fm_nonadapt,22000,0.9511,0.0054,0.0731,27.431
quad3d,fm_nonadapt,23000,0.9511,0.0062,0.0708,26.754
quad3d,fm_nonadapt,24000,0.9470,0.0088,0.0703,25.314
humanoid,clf_adaptive,1000,0.9211,0.2795,0.0376,19.358
humanoid,clf_adaptive,2000,0.9541,0.2898,0.0099,40.836
humanoid,clf_adaptive,3000,0.9491,0.2090,0.0142,25.812
humanoid,clf_adaptive,4000,0.9535,0.1290,0.0273,31.118
humanoid,clf_adaptive,5000,0.9522,0.1225,0.0300,30.499
humanoid,clf_adaptive,6000,0.9513,0.1675,0.0171,23.117
humanoid,clf_adaptive,7000,0.9471,0.1505,0.0270,22.033
humanoid,clf_adaptive,8000,0.9570,0.1414,0.0155,28.848
humanoid,clf_adaptive,9000,0.9570,0.1333,0.0163,27.984
humanoid,clf_adaptive,10000,0.9584,0.1278,0.0170,28.522
humanoid,clf_adaptive,11000,0.9557,0.1456,0.0160,26.291
humanoid,clf_adaptive,12000,0.9577,0.1411,0.0146,27.184
humanoid,clf_adaptive,13000,0.9579,0.1425,0.0142,26.049
humanoid,clf_adaptive,14000,0.9591,0.1007,0.0230,33.704
humanoid,clf_adaptive,15000,0.9579,0.1132,0.0226,28.709
humanoid,clf_adaptive,16000,0.9596,0.1299,0.0167,28.241
humanoid,clf_adaptive,17000,0.9555,0.1351,0.0205,23.986
humanoid,clf_adaptive,18000,0.9574,0.1448,0.0150,23.868
humanoid,clf_adaptive,19000,0.9594,0.1276,0.0155,27.334
humanoid,clf_adaptive,20000,0.9604,0.1131,0.0187,28.530
humanoid,clf_adaptive,21000,0.9558,0.1475,0.0156,23.061
humanoid,clf_adaptive,22000,0.9611,0.1143,0.0178,28.030
humanoid,clf_adaptive,23000,0.9603,0.1244,0.0156,26.350
humanoid,clf_adaptive,24000,0.9585,0.1365,0.0141,25.980
humanoid,clf_adaptive,25000,0.9581,0.1401,0.0143,24.646
humanoid,clf_adaptive,26000,0.9567,0.1338,0.0179,24.053
humanoid,clf_adaptive,27000,0.9601,0.1287,0.0139,25.923
humanoid,clf_adaptive,28000,0.9609,0.1120,0.0184,27.730
humanoid,clf_adaptive,29000,0.9631,0.1232,0.0114,29.090
humanoid,clf_adaptive,30000,0.9613,0.1159,0.0166,27.087
humanoid,clf_nonadapt,1000,0.9211,0.2795,0.0376,19.358
humanoid,clf_nonadapt,2000,0.9428,0.2782,0.0168,33.187
humanoid,clf_nonadapt,3000,0.9453,0.1735,0.0299,34.093
humanoid,clf_nonadapt,4000,0.9460,0.1623,0.0294,30.390
humanoid,clf_nonadapt,5000,0.9527,0.1549,0.0222,32.809
humanoid,clf_nonadapt,6000,0.9530,0.1252,0.0283,35.057
humanoid,clf_nonadapt,7000,0.9517,0.1367,0.0267,30.881
humanoid,clf_nonadapt,8000,0.9526,0.1334,0.0266,29.052
humanoid,clf_nonadapt,9000,0.9505,0.1407,0.0270,28.442
humanoid,clf_nonadapt,10000,0.9554,0.1138,0.0265,33.348
humanoid,clf_nonadapt,11000,0.9574,0.1352,0.0178,31.204
humanoid,clf_nonadapt,12000,0.9558,0.1241,0.0238,29.684
humanoid,clf_nonadapt,13000,0.9521,0.1493,0.0209,24.135
humanoid,clf_nonadapt,14000,0.9566,0.1566,0.0137,26.156
humanoid,clf_nonadapt,15000,0.9558,0.1321,0.0210,29.117
humanoid,clf_nonadapt,16000,0.9597,0.1295,0.0150,29.446
humanoid,clf_nonadapt,17000,0.9590,0.1314,0.0170,29.113
humanoid,clf_nonadapt,18000,0.9530,0.1466,0.0204,24.736
humanoid,clf_nonadapt,19000,0.9583,0.1190,0.0204,28.618
humanoid,clf_nonadapt,20000,0.9563,0.1443,0.0165,24.042
humanoid,clf_nonadapt,21000,0.9581,0.1253,0.0189,26.844
humanoid,clf_nonadapt,22000,0.9586,0.1503,0.0123,25.698
humanoid,clf_nonadapt,23000,0.9604,0.1154,0.0181,30.508
humanoid,clf_nonadapt,24000,0.9605,0.1189,0.0172,29.473
humanoid,clf_nonadapt,25000,0.9610,0.1233,0.0163,29.051
humanoid,clf_nonadapt,26000,0.9619,0.1113,0.0180,29.589
humanoid,clf_nonadapt,27000,0.9613,0.1306,0.0122,29.737
humanoid,clf_nonadapt,28000,0.9612,0.1349,0.0127,27.322
humanoid,clf_nonadapt,29000,0.9575,0.1566,0.0117,22.812
humanoid,clf_nonadapt,30000,0.9576,0.1403,0.0157,24.923
humanoid,fm_adapt_mfF,1000,0.8937,0.4370,0.0297,14.951
humanoid,fm_adapt_mfF,2000,0.8916,0.4549,0.0297,15.197
humanoid,fm_adapt_mfF,3000,0.8930,0.4893,0.0213,16.904
humanoid,fm_adapt_mfF,4000,0.8977,0.4103,0.0295,13.607
humanoid,fm_adapt_mfF,5000,0.8972,0.4451,0.0227,14.961
humanoid,fm_adapt_mfF,6000,0.9061,0.3787,0.0285,16.263
humanoid,fm_adapt_mfF,7000,0.9071,0.3662,0.0306,15.826
humanoid,fm_adapt_mfF,8000,0.9124,0.3852,0.0221,17.993
humanoid,fm_adapt_mfF,9000,0.9056,0.3485,0.0377,15.655
humanoid,fm_adapt_mfF,10000,0.9036,0.3461,0.0386,13.536
humanoid,fm_adapt_mfF,11000,0.9104,0.3667,0.0284,21.964
humanoid,fm_adapt_mfF,12000,0.9166,0.3154,0.0333,22.429
humanoid,fm_adapt_mfF,13000,0.9051,0.3385,0.0383,13.431
humanoid,fm_adapt_mfF,14000,0.9179,0.2859,0.0352,20.520
humanoid,fm_adapt_mfF,15000,0.9057,0.3634,0.0316,15.434
humanoid,fm_adapt_mfF,16000,0.9083,0.3744,0.0268,17.076
humanoid,fm_adapt_mfF,17000,0.9114,0.3192,0.0330,13.560
humanoid,fm_adapt_mfF,18000,0.9188,0.3021,0.0304,21.045
humanoid,fm_adapt_mfF,19000,0.9132,0.3918,0.0196,18.262
humanoid,fm_adapt_mfF,20000,0.9106,0.3510,0.0278,15.714
humanoid,fm_adapt_mfF,21000,0.9021,0.3946,0.0282,15.591
humanoid,fm_adapt_mfF,22000,0.9123,0.3382,0.0281,14.550
humanoid,fm_adapt_mfF,23000,0.9152,0.3302,0.0273,15.640
humanoid,fm_adapt_mfF,24000,0.9141,0.3438,0.0239,15.162
humanoid,fm_adapt_mfF,25000,0.9148,0.3290,0.0260,14.191
humanoid,fm_adapt_mfF,26000,0.9128,0.3696,0.0230,18.430
humanoid,fm_adapt_mfF,27000,0.9124,0.3503,0.0239,14.355
humanoid,fm_adapt_mfF,28000,0.9156,0.3178,0.0279,15.791
humanoid,fm_adapt_mfF,29000,0.9088,0.3536,0.0309,16.168
humanoid,fm_adapt_mfF,30000,0.9243,0.3185,0.0188,17.117
humanoid,fm_adapt_mfT,1000,0.8741,0.4914,0.0355,15.393
humanoid,fm_adapt_mfT,2000,0.8685,0.5460,0.0309,18.035
humanoid,fm_adapt_mfT,3000,0.8734,0.4849,0.0366,16.972
humanoid,fm_adapt_mfT,4000,0.8759,0.4442,0.0438,16.931
humanoid,fm_adapt_mfT,5000,0.8745,0.5110,0.0308,17.672
humanoid,fm_adapt_mfT,6000,0.8783,0.4643,0.0334,16.999
humanoid,fm_adapt_mfT,7000,0.8762,0.4823,0.0359,19.454
humanoid,fm_adapt_mfT,8000,0.8813,0.4232,0.0424,19.803
humanoid,fm_adapt_mfT,9000,0.8831,0.3804,0.0510,20.701
humanoid,fm_adapt_mfT,10000,0.8805,0.4420,0.0399,20.137
humanoid,fm_adapt_mfT,11000,0.8789,0.4047,0.0496,21.290
humanoid,fm_adapt_mfT,12000,0.8826,0.4214,0.0403,20.790
humanoid,fm_adapt_mfT,13000,0.8856,0.3661,0.0508,18.559
humanoid,fm_adapt_mfT,14000,0.8856,0.3739,0.0482,20.810
humanoid,fm_adapt_mfT,15000,0.8820,0.3835,0.0533,21.324
humanoid,fm_adapt_mfT,16000,0.8854,0.3700,0.0511,18.987
humanoid,fm_adapt_mfT,17000,0.8842,0.3458,0.0594,20.986
humanoid,fm_adapt_mfT,18000,0.8814,0.3190,0.0722,22.260
humanoid,fm_adapt_mfT,19000,0.8751,0.5189,0.0307,16.834
humanoid,fm_adapt_mfT,20000,0.8728,0.5237,0.0280,15.007
humanoid,fm_adapt_mfT,21000,0.8778,0.4917,0.0316,17.573
humanoid,fm_adapt_mfT,22000,0.8824,0.4050,0.0468,22.512
humanoid,fm_adapt_mfT,23000,0.8780,0.4583,0.0363,17.348
humanoid,fm_adapt_mfT,24000,0.8820,0.4633,0.0322,15.600
humanoid,fm_adapt_mfT,25000,0.8835,0.4271,0.0388,17.407
humanoid,fm_adapt_mfT,26000,0.8785,0.3568,0.0648,25.100
humanoid,fm_adapt_mfT,27000,0.8811,0.3487,0.0621,22.584
humanoid,fm_adapt_mfT,28000,0.8894,0.3393,0.0544,19.597
humanoid,fm_adapt_mfT,29000,0.8878,0.3410,0.0582,24.317
humanoid,fm_adapt_mfT,30000,0.8832,0.4382,0.0365,19.099
humanoid,fm_nonadapt_mfF,1000,0.8939,0.4369,0.0296,14.940
humanoid,fm_nonadapt_mfF,2000,0.8991,0.3808,0.0374,14.722
humanoid,fm_nonadapt_mfF,3000,0.8945,0.4065,0.0374,14.748
humanoid,fm_nonadapt_mfF,4000,0.9090,0.3814,0.0296,24.578
humanoid,fm_nonadapt_mfF,5000,0.9019,0.4489,0.0248,26.392
humanoid,fm_nonadapt_mfF,6000,0.8961,0.4093,0.0332,14.236
humanoid,fm_nonadapt_mfF,7000,0.9086,0.3453,0.0383,20.847
humanoid,fm_nonadapt_mfF,8000,0.8959,0.4015,0.0356,13.814
humanoid,fm_nonadapt_mfF,9000,0.8939,0.4445,0.0302,16.169
humanoid,fm_nonadapt_mfF,10000,0.8922,0.4628,0.0276,15.298
humanoid,fm_nonadapt_mfF,11000,0.9025,0.3736,0.0337,14.821
humanoid,fm_nonadapt_mfF,12000,0.8952,0.4383,0.0302,15.719
humanoid,fm_nonadapt_mfF,13000,0.8988,0.4132,0.0295,15.327
humanoid,fm_nonadapt_mfF,14000,0.8984,0.4220,0.0292,15.124
humanoid,fm_nonadapt_mfF,15000,0.8960,0.4737,0.0199,15.213
humanoid,fm_nonadapt_mfF,16000,0.8829,0.5388,0.0188,15.960
humanoid,fm_nonadapt_mfF,17000,0.8870,0.5460,0.0164,16.236
humanoid,fm_nonadapt_mfF,18000,0.9031,0.4837,0.0153,18.633
humanoid,fm_nonadapt_mfF,19000,0.9088,0.3453,0.0320,15.288
humanoid,fm_nonadapt_mfF,20000,0.9016,0.4088,0.0263,14.462
humanoid,fm_nonadapt_mfF,21000,0.8897,0.5252,0.0175,17.051
humanoid,fm_nonadapt_mfF,22000,0.9054,0.5149,0.0111,20.672
humanoid,fm_nonadapt_mfF,23000,0.8874,0.4527,0.0300,12.887
humanoid,fm_nonadapt_mfF,24000,0.8916,0.4989,0.0209,16.823
humanoid,fm_nonadapt_mfF,25000,0.9121,0.3600,0.0271,21.421
humanoid,fm_nonadapt_mfF,26000,0.9041,0.4604,0.0199,24.247
humanoid,fm_nonadapt_mfF,27000,0.8978,0.4562,0.0229,16.308
humanoid,fm_nonadapt_mfF,28000,0.8986,0.4308,0.0244,15.486
humanoid,fm_nonadapt_mfF,29000,0.8879,0.5194,0.0209,16.900
humanoid,fm_nonadapt_mfF,30000,0.8955,0.4525,0.0241,14.797
humanoid,fm_nonadapt_mfT,1000,0.8743,0.4916,0.0352,15.420
humanoid,fm_nonadapt_mfT,2000,0.8841,0.3940,0.0494,20.183
humanoid,fm_nonadapt_mfT,3000,0.8774,0.4790,0.0360,16.899
humanoid,fm_nonadapt_mfT,4000,0.8712,0.5052,0.0337,17.008
humanoid,fm_nonadapt_mfT,5000,0.8594,0.6279,0.0226,14.980
humanoid,fm_nonadapt_mfT,6000,0.8841,0.3728,0.0574,20.843
humanoid,fm_nonadapt_mfT,7000,0.8697,0.5419,0.0298,17.542
humanoid,fm_nonadapt_mfT,8000,0.8824,0.4073,0.0489,18.321
humanoid,fm_nonadapt_mfT,9000,0.8768,0.4861,0.0324,15.538
humanoid,fm_nonadapt_mfT,10000,0.8780,0.4671,0.0389,18.668
humanoid,fm_nonadapt_mfT,11000,0.8803,0.4586,0.0383,19.183
humanoid,fm_nonadapt_mfT,12000,0.8799,0.4174,0.0481,18.758
humanoid,fm_nonadapt_mfT,13000,0.8703,0.5555,0.0271,16.116
humanoid,fm_nonadapt_mfT,14000,0.8810,0.3855,0.0554,22.141
humanoid,fm_nonadapt_mfT,15000,0.8746,0.4807,0.0367,20.487
humanoid,fm_nonadapt_mfT,16000,0.8754,0.4879,0.0327,17.199
humanoid,fm_nonadapt_mfT,17000,0.8780,0.4563,0.0419,19.462
humanoid,fm_nonadapt_mfT,18000,0.8644,0.6268,0.0185,16.926
humanoid,fm_nonadapt_mfT,19000,0.8819,0.4413,0.0369,18.940
humanoid,fm_nonadapt_mfT,20000,0.8686,0.5694,0.0238,17.556
humanoid,fm_nonadapt_mfT,21000,0.8711,0.5155,0.0297,18.994
humanoid,fm_nonadapt_mfT,22000,0.8774,0.4296,0.0434,19.826
humanoid,fm_nonadapt_mfT,23000,0.8843,0.3547,0.0564,20.949
humanoid,fm_nonadapt_mfT,24000,0.8706,0.5229,0.0277,14.617
humanoid,fm_nonadapt_mfT,25000,0.8781,0.3935,0.0558,21.798
humanoid,fm_nonadapt_mfT,26000,0.8783,0.3778,0.0557,21.472
humanoid,fm_nonadapt_mfT,27000,0.8853,0.3281,0.0605,20.590
humanoid,fm_nonadapt_mfT,28000,0.8737,0.5434,0.0245,15.282
humanoid,fm_nonadapt_mfT,29000,0.8796,0.4420,0.0370,18.107
humanoid,fm_nonadapt_mfT,30000,0.8798,0.3995,0.0505,19.814
