system,arm,epoch,train_traj,region,n_points,mean_of_means,median_of_means,p90_of_means,mean_of_medians,median_of_medians,p90_of_medians,mean_of_p90s,median_of_p90s,p90_of_p90s
cartpole,fm_direct,19,1250,full,115242,1.2542088031768799,0.6163427829742432,2.5768126249313354,1.1788291931152344,0.5341782569885254,2.139454913139347,2.09906540994348,0.9434951394796374,5.9852300453186045
cartpole,fm_direct,19,1250,certain_success,20593,0.14963096380233765,0.025911450386047363,0.07385354936122891,0.10365099459886551,0.024115975946187973,0.04943881779909132,0.31247779782330987,0.0360996063798666,0.08227724179625519
cartpole,fm_direct,19,1250,certain_failure,91910,1.4305624961853027,0.7376410961151123,2.753088545799257,1.35222589969635,0.6477797031402588,2.3134598970413207,2.368725312459931,1.1491120815277105,6.041839776039128
cartpole,fm_disp_gdiv_d05,14,1700,full,115242,1.2188963890075684,0.7579099535942078,2.5380256175994873,1.0401620864868164,0.6219371557235718,1.779351830482483,2.3731398582458496,1.3773804903030396,5.863135814666748
cartpole,fm_disp_gdiv_d05,14,1700,certain_success,15141,0.2075463831424713,0.064875029027462,0.18402010202407837,0.17984600365161896,0.0547262504696846,0.10837392508983612,0.25223201513290405,0.08691418915987015,0.20634813606739044
cartpole,fm_disp_gdiv_d05,14,1700,certain_failure,87814,1.2482529878616333,0.8076516389846802,2.077277421951294,1.0516188144683838,0.6868284940719604,1.6161255836486816,2.5001609325408936,1.4644540548324585,3.6516098976135254
cartpole,fm_disp_gdiv_d10,14,1700,full,115242,1.3370636701583862,0.9095893502235413,2.7337992191314697,1.1653544902801514,0.766545295715332,2.1234142780303955,2.4150044918060303,1.5671799182891846,4.752901077270508
cartpole,fm_disp_gdiv_d10,14,1700,certain_success,11920,0.14587515592575073,0.08191116154193878,0.23248794674873352,0.08298039436340332,0.0667138323187828,0.13018277287483215,0.32484787702560425,0.10540894418954849,0.23139864206314087
cartpole,fm_disp_gdiv_d10,14,1700,certain_failure,83241,1.395054578781128,0.9417531490325928,2.3924341201782227,1.1936293840408325,0.8067442178726196,1.8515045642852783,2.6464552879333496,1.6293370723724365,3.825406551361084
cartpole,fm_disp_greedy_d05,14,1700,full,115242,1.2660269737243652,0.7618399858474731,2.817420244216919,1.0597001314163208,0.6316238045692444,1.8473589420318604,2.4230823516845703,1.3761928081512451,6.1058735847473145
cartpole,fm_disp_greedy_d05,14,1700,certain_success,14864,0.2859715223312378,0.07107380032539368,0.20501910150051117,0.25563547015190125,0.05814193934202194,0.1076057106256485,0.3364931344985962,0.09764186292886734,0.2188963145017624
cartpole,fm_disp_greedy_d05,14,1700,certain_failure,90181,1.3074126243591309,0.8150683045387268,2.198814630508423,1.0743287801742554,0.6956542730331421,1.6882407665252686,2.5672459602355957,1.4719003438949585,4.390983581542969
cartpole,fm_disp_greedy_d10,14,1700,full,115242,3.5601818561553955,3.142183542251587,6.065983295440674,3.4035558700561523,2.904313325881958,5.812941551208496,5.435511589050293,4.73128604888916,8.1427640914917
cartpole,fm_disp_greedy_d10,14,1700,certain_success,0,,,,,,,,,
cartpole,fm_disp_greedy_d10,14,1700,certain_failure,36327,3.300722122192383,2.420651435852051,7.227065086364746,3.019432544708252,2.0553016662597656,5.00132942199707,6.091121196746826,4.112443447113037,14.655952453613281
cartpole,fm_disp_prop_d05,14,1700,full,115242,1.19998037815094,0.7293592095375061,2.47438907623291,1.025015115737915,0.6041820049285889,1.707815408706665,2.306488513946533,1.2921069860458374,5.746191024780273
cartpole,fm_disp_prop_d05,14,1700,certain_success,14225,0.16250573098659515,0.061065673828125,0.13546247780323029,0.14888912439346313,0.052903078496456146,0.10368591547012329,0.17860642075538635,0.08028481900691986,0.15916867554187775
cartpole,fm_disp_prop_d05,14,1700,certain_failure,90050,1.2490804195404053,0.7945959568023682,2.022780179977417,1.05538010597229,0.6785815358161926,1.5962756872177124,2.4534623622894287,1.4155945777893066,3.498446226119995
cartpole,fm_disp_prop_d10,14,1700,full,115242,1.6515138149261475,1.150647759437561,3.4770917892456055,1.4290997982025146,0.9611325263977051,2.629870653152466,3.0209412574768066,2.051363468170166,6.269212245941162
cartpole,fm_disp_prop_d10,14,1700,certain_success,10918,0.248817577958107,0.1423555314540863,0.46833205223083496,0.14464756846427917,0.10649210214614868,0.1576784998178482,0.5232924222946167,0.19942520558834076,0.8262744545936584
cartpole,fm_disp_prop_d10,14,1700,certain_failure,82426,1.658818006515503,1.1413414478302002,2.992778778076172,1.4119571447372437,0.9842478632926941,2.1691009998321533,3.1202878952026367,2.0070042610168457,5.759075164794922
cartpole,fm_nonadapt,19,1250,full,115242,1.2919999361038208,0.6391725540161133,2.742552161216738,1.207903504371643,0.5213360786437988,2.0160104036331252,2.1995681146370565,1.0567247688770298,6.239804453849796
cartpole,fm_nonadapt,19,1250,certain_success,15648,0.10615626722574234,0.04003187268972397,0.08916312009096153,0.09382335841655731,0.03572496026754379,0.07359369844198228,0.11412870962556215,0.05428750030696393,0.11091312937438493
cartpole,fm_nonadapt,19,1250,certain_failure,89474,1.4009920358657837,0.7030516862869263,2.303775835037229,1.3322713375091553,0.5995177030563354,1.9129472494125364,2.3442025078313558,1.1728922843933107,5.186501779556272
cartpole,fm_ranked,19,1250,full,115242,1.4169200658798218,0.7098225355148315,3.031702637672425,1.2693159580230713,0.5974889993667603,2.342380642890931,2.5066335512521603,1.1137208878993992,6.5917943954467795
cartpole,fm_ranked,19,1250,certain_success,19818,0.10868357867002487,0.03450720012187958,0.10803325399756418,0.05792978033423424,0.0310199037194252,0.06579985693097112,0.24297273834977073,0.04729457292705776,0.11636905334889892
cartpole,fm_ranked,19,1250,certain_failure,93468,1.6654722690582275,0.8588382601737976,3.5649959564208986,1.5079656839370728,0.732189416885376,2.825761890411377,2.913228195046862,1.3717990219593053,7.260667915344247
pendulum,fm_direct,19,971,full,48770,0.15037992596626282,0.024057509377598763,0.3922179281711578,0.10426400601863861,0.021807443350553513,0.05655276328325271,0.3424977054595987,0.03898573815822602,1.3423126471042632
pendulum,fm_direct,19,971,certain_success,18587,0.017516065388917923,0.007492762990295887,0.019594555348157894,0.009932799264788628,0.006908525247126818,0.01834281496703626,0.04837945342347031,0.012852393090724945,0.03146419569849968
pendulum,fm_direct,19,971,certain_failure,28694,0.17893759906291962,0.03669319674372673,0.45414193272590647,0.11029193550348282,0.030574236065149307,0.06147044450044632,0.43142772420903325,0.06072059161961079,1.4707770931720738
pendulum,fm_disp_gdiv_d05,18,1900,full,48770,0.04354817047715187,0.013677931390702724,0.06237499415874481,0.024144969880580902,0.009993092156946659,0.03388761729001999,0.09990634024143219,0.02195049822330475,0.07055314630270004
pendulum,fm_disp_gdiv_d05,18,1900,certain_success,18176,0.03113427385687828,0.017706025391817093,0.06430218368768692,0.021013168618083,0.01306084729731083,0.050154753029346466,0.0559699721634388,0.02714528888463974,0.07794776558876038
pendulum,fm_disp_gdiv_d05,18,1900,certain_failure,29926,0.04080978408455849,0.011753624305129051,0.04787531495094299,0.020146409049630165,0.008713919669389725,0.02055344358086586,0.09817005693912506,0.019214164465665817,0.051161132752895355
pendulum,fm_disp_gdiv_d10,18,1900,full,48770,0.0321255624294281,0.009638503193855286,0.04474607855081558,0.018437275663018227,0.0077135032042860985,0.025070810690522194,0.07086586207151413,0.01544666662812233,0.054885510355234146
pendulum,fm_disp_gdiv_d10,18,1900,certain_success,18628,0.02757195755839348,0.013457126915454865,0.05444914475083351,0.01861710287630558,0.010227718390524387,0.04335242509841919,0.054210055619478226,0.02049487829208374,0.0727732852101326
pendulum,fm_disp_gdiv_d10,18,1900,certain_failure,29803,0.026895912364125252,0.008526073768734932,0.029369425028562546,0.011728576384484768,0.006935073062777519,0.014342116191983223,0.0635286495089531,0.013481037691235542,0.029230717569589615
pendulum,fm_disp_greedy_d05,18,1900,full,48770,0.040727365761995316,0.009112055413424969,0.04906400293111801,0.027578148990869522,0.007160494104027748,0.031012997031211853,0.08180283010005951,0.013754157349467278,0.062192026525735855
pendulum,fm_disp_greedy_d05,18,1900,certain_success,18538,0.03368159756064415,0.01649775728583336,0.0564328134059906,0.027157563716173172,0.012779692187905312,0.04923916980624199,0.05509493872523308,0.024571094661951065,0.07325949519872665
pendulum,fm_disp_greedy_d05,18,1900,certain_failure,29757,0.03391088545322418,0.007512271404266357,0.0305462758988142,0.017628148198127747,0.0062453532591462135,0.017578493803739548,0.08017966151237488,0.011392557062208652,0.03851106017827988
pendulum,fm_disp_greedy_d10,18,1900,full,48770,0.03736560419201851,0.011726117692887783,0.05558868125081062,0.021284226328134537,0.009080406278371811,0.034414395689964294,0.08427353203296661,0.018294617533683777,0.0727219358086586
pendulum,fm_disp_greedy_d10,18,1900,certain_success,18049,0.03686138615012169,0.01755809597671032,0.06466830521821976,0.026810895651578903,0.013415451161563396,0.0558488704264164,0.07332482933998108,0.025579873472452164,0.09260503947734833
pendulum,fm_disp_greedy_d10,18,1900,certain_failure,29873,0.03528197854757309,0.010017034597694874,0.038226813077926636,0.015372770838439465,0.007950669154524803,0.020069055259227753,0.08688227087259293,0.016171608120203018,0.044146668165922165
pendulum,fm_disp_prop_d05,18,1900,full,48770,0.06531132757663727,0.021025637164711952,0.08607598394155502,0.04281453788280487,0.015002943575382233,0.045452218502759933,0.14304719865322113,0.030734367668628693,0.10099849849939346
pendulum,fm_disp_prop_d05,18,1900,certain_success,17263,0.04311675205826759,0.028889715671539307,0.07736387848854065,0.028167277574539185,0.020362790673971176,0.057185474783182144,0.07954557985067368,0.03796248883008957,0.09818988293409348
pendulum,fm_disp_prop_d05,18,1900,certain_failure,29636,0.05996420979499817,0.015244603157043457,0.07250511646270752,0.03617003187537193,0.011994902044534683,0.03153858706355095,0.13974185287952423,0.024129420518875122,0.08927065134048462
pendulum,fm_disp_prop_d10,18,1900,full,48770,0.0351690948009491,0.011465886607766151,0.049618057906627655,0.020095638930797577,0.008791541680693626,0.029804546386003494,0.07972971349954605,0.018494863063097,0.061608001589775085
pendulum,fm_disp_prop_d10,18,1900,certain_success,18160,0.029933972284197807,0.012045037001371384,0.057500530034303665,0.020467741414904594,0.008943287655711174,0.04888312891125679,0.06125396862626076,0.018189094960689545,0.0794135108590126
pendulum,fm_disp_prop_d10,18,1900,certain_failure,29817,0.03244762122631073,0.011076701804995537,0.03481884300708771,0.014161181636154652,0.008526504039764404,0.01808977499604225,0.07922117412090302,0.018234554678201675,0.04251835122704506
pendulum,fm_nonadapt,19,1000,full,48770,3.2669503688812256,3.459998607635498,6.291359233856201,3.30395245552063,4.198200702667236,6.2907267093658445,4.472010476084165,6.277891278266907,6.324431681632996
pendulum,fm_nonadapt,19,1000,certain_success,15682,3.463701009750366,3.4636056423187256,5.328514671325683,3.692302703857422,6.243106842041016,6.275588035583496,6.10807306059041,6.278694939613342,6.28186176776886
pendulum,fm_nonadapt,19,1000,certain_failure,25508,3.2544381618499756,5.028096675872803,6.294874763488769,3.227687120437622,5.005421161651611,6.293022966384887,3.49575646233238,6.291600918769836,6.341715660095215
pendulum,fm_ranked,19,1050,full,48770,0.3559137284755707,0.022261792793869972,0.9351852715015412,0.3210678994655609,0.02039072848856449,0.6198361098766323,0.5757170930712857,0.03677456993609667,2.085622489452362
pendulum,fm_ranked,19,1050,certain_success,18799,0.02366543933749199,0.007178003434091806,0.017456188797950745,0.014178454875946045,0.006677860394120216,0.016655129194259644,0.06050819960695959,0.01169123919680715,0.027186777815222746
pendulum,fm_ranked,19,1050,certain_failure,23550,0.2369883954524994,0.03436420112848282,0.2998245745897298,0.19706156849861145,0.029956312850117683,0.05740980207920076,0.4222599500650165,0.05812504626810551,1.0289381015300756
quad2d,fm_direct,9,7608,full,479789,1.8761154413223267,1.2338393926620483,4.1360578536987305,1.6728702783584595,0.9700297117233276,3.7788617610931396,3.3854541778564453,2.2482059001922607,7.794672966003418
quad2d,fm_direct,9,7608,certain_success,18811,0.23234903812408447,0.0894489511847496,0.27207818627357483,0.16158540546894073,0.03101501613855362,0.10261659324169159,0.1918315291404724,0.05532404035329819,0.1705384999513626
quad2d,fm_direct,9,7608,certain_failure,404714,1.8111413717269897,1.224804401397705,3.827254295349121,1.6289708614349365,0.9911881685256958,3.5396571159362793,3.2131640911102295,2.2091245651245117,6.8938422203063965
quad2d,fm_disp_gdiv_d05,19,11500,full,479789,1.7407890558242798,1.1332712173461914,3.870950222015381,1.5340049266815186,0.8798177242279053,3.43501877784729,3.215513229370117,2.085986852645874,7.481911659240723
quad2d,fm_disp_gdiv_d05,19,11500,certain_success,6180,0.2071637660264969,0.08438463509082794,0.2941930890083313,0.13131864368915558,0.034941960126161575,0.1019228920340538,0.3833959102630615,0.0693252831697464,1.430030107498169
quad2d,fm_disp_gdiv_d05,19,11500,certain_failure,300398,1.4975857734680176,1.020268440246582,3.152986526489258,1.3394663333892822,0.8365001678466797,2.862414598464966,2.7209434509277344,1.8753434419631958,5.764413833618164
quad2d,fm_disp_gdiv_d10,19,11500,full,479789,1.8392530679702759,1.2509346008300781,3.944835662841797,1.591651439666748,0.9636054039001465,3.4241645336151123,3.470815658569336,2.3662376403808594,7.784972190856934
quad2d,fm_disp_gdiv_d10,19,11500,certain_success,10061,0.299233078956604,0.11616775393486023,0.304611474275589,0.22894588112831116,0.0504697784781456,0.14517274498939514,0.2699405252933502,0.09051588922739029,0.22143620252609253
quad2d,fm_disp_gdiv_d10,19,11500,certain_failure,387618,1.7117823362350464,1.2083430290222168,3.498322010040283,1.5000566244125366,0.9561482667922974,3.1107845306396484,3.1674253940582275,2.256314277648926,6.579329967498779
quad2d,fm_disp_greedy_d05,19,11500,full,479789,1.7168676853179932,1.1240078210830688,3.7758588790893555,1.5148216485977173,0.8757778406143188,3.3516483306884766,3.1569721698760986,2.065739631652832,7.255441665649414
quad2d,fm_disp_greedy_d05,19,11500,certain_success,7740,0.2436404675245285,0.08193626999855042,0.22505046427249908,0.19612371921539307,0.042440056800842285,0.12247651815414429,0.22680816054344177,0.0698193907737732,0.17876388132572174
quad2d,fm_disp_greedy_d05,19,11500,certain_failure,335091,1.5115574598312378,1.0341905355453491,3.172497510910034,1.3490424156188965,0.8384900093078613,2.895872116088867,2.743379831314087,1.9106042385101318,5.762753486633301
quad2d,fm_disp_greedy_d10,19,11500,full,479789,1.7616220712661743,1.165749430656433,3.7494943141937256,1.5508731603622437,0.920191764831543,3.3442816734313965,3.2325046062469482,2.1556003093719482,7.192945957183838
quad2d,fm_disp_greedy_d10,19,11500,certain_success,11933,0.3558831810951233,0.09981120377779007,0.3262079060077667,0.29822346568107605,0.054766133427619934,0.1573430895805359,0.3353455662727356,0.09186801314353943,0.21898557245731354
quad2d,fm_disp_greedy_d10,19,11500,certain_failure,400353,1.6654778718948364,1.1395543813705444,3.3996238708496094,1.4738940000534058,0.9140968322753906,3.0808398723602295,3.01808500289917,2.0982794761657715,6.245916843414307
quad2d,fm_disp_prop_d05,19,11500,full,479789,1.7066210508346558,1.1001394987106323,3.805208444595337,1.5076603889465332,0.8573513031005859,3.3860888481140137,3.1207520961761475,2.0100929737091064,7.222270965576172
quad2d,fm_disp_prop_d05,19,11500,certain_success,6659,0.2464277148246765,0.09316466003656387,0.30149972438812256,0.17027905583381653,0.03837341070175171,0.11023695021867752,0.43017342686653137,0.08071693778038025,1.416529655456543
quad2d,fm_disp_prop_d05,19,11500,certain_failure,298812,1.4781770706176758,1.0073072910308838,3.122357130050659,1.3222877979278564,0.8268266320228577,2.849888801574707,2.669865846633911,1.8530993461608887,5.5872907638549805
quad2d,fm_disp_prop_d10,19,11500,full,479789,1.7659049034118652,1.163124918937683,3.770690441131592,1.5506556034088135,0.9172152876853943,3.345550298690796,3.267643690109253,2.178708076477051,7.248216152191162
quad2d,fm_disp_prop_d10,19,11500,certain_success,10514,0.36384063959121704,0.12936748564243317,0.3318798542022705,0.2858853340148926,0.0550534650683403,0.15755468606948853,0.32583698630332947,0.09376703947782516,0.22906504571437836
quad2d,fm_disp_prop_d10,19,11500,certain_failure,398869,1.6641292572021484,1.134850263595581,3.413831949234009,1.4733623266220093,0.9100381731987,3.0816500186920166,3.034832000732422,2.103039503097534,6.313997268676758
quad2d,fm_nonadapt,9,12000,full,479789,1.7741940021514893,1.1531596183776855,4.007564067840576,1.5739279985427856,0.8919302225112915,3.5989866256713867,3.237551212310791,2.1269781589508057,7.520262718200684
quad2d,fm_nonadapt,9,12000,certain_success,16875,0.44029393792152405,0.1715756207704544,0.5701695680618286,0.2942032814025879,0.05347485840320587,0.14973531663417816,0.7628709673881531,0.14172783493995667,1.7539664506912231
quad2d,fm_nonadapt,9,12000,certain_failure,402705,1.654030680656433,1.1096526384353638,3.598874568939209,1.4727706909179688,0.8724868893623352,3.2416019439697266,2.986344814300537,2.0318615436553955,6.554786682128906
quad2d,fm_ranked,9,12000,full,479789,1.7606372833251953,1.1278176307678223,3.9940171241760254,1.5597232580184937,0.8696100115776062,3.546712636947632,3.227729320526123,2.0884103775024414,7.633628845214844
quad2d,fm_ranked,9,12000,certain_success,24202,0.39042365550994873,0.1315048187971115,0.5584112405776978,0.25337085127830505,0.03820246458053589,0.12873373925685883,0.664818525314331,0.09324362874031067,1.6018187999725342
quad2d,fm_ranked,9,12000,certain_failure,411668,1.6957943439483643,1.1222116947174072,3.6873059272766113,1.513554334640503,0.8876182436943054,3.3022613525390625,3.0685927867889404,2.0603365898132324,6.784904956817627
quad3d,fm_direct,19,29000,full,990000,4.272650718688965,2.423677444458008,10.404922485351562,3.967698812484741,2.031744956970215,9.749317169189453,6.759457588195801,4.146117210388184,17.122432708740234
quad3d,fm_direct,19,29000,certain_success,138791,0.2307528555393219,0.04888428747653961,0.6069138050079346,0.11808572709560394,0.04178331047296524,0.0816912055015564,0.5960489511489868,0.07160080224275589,2.791564464569092
quad3d,fm_direct,19,29000,certain_failure,583830,4.226486682891846,2.2514185905456543,10.142823219299316,3.88004207611084,1.844346046447754,9.264254570007324,6.632320880889893,3.5644326210021973,17.149267196655273
quad3d,fm_disp_gdiv_d05,29,16500,full,990000,5.163191795349121,3.501451253890991,11.704236030578613,4.848811626434326,3.123840808868408,11.240036010742188,7.968675136566162,5.5679121017456055,18.297605514526367
quad3d,fm_disp_gdiv_d05,29,16500,certain_success,121465,0.27498552203178406,0.11979112774133682,0.37469562888145447,0.22895987331867218,0.1073179617524147,0.1802961528301239,0.41404446959495544,0.15420424938201904,0.3260508179664612
quad3d,fm_disp_gdiv_d05,29,16500,certain_failure,544666,5.524117469787598,3.5351786613464355,12.399113655090332,5.110153675079346,2.966611862182617,11.785196304321289,8.624201774597168,5.589358329772949,19.891258239746094
quad3d,fm_disp_gdiv_d10,29,16500,full,990000,5.222609519958496,3.57647967338562,11.674410820007324,4.939853668212891,3.253368377685547,11.300385475158691,7.939679145812988,5.608299255371094,17.962162017822266
quad3d,fm_disp_gdiv_d10,29,16500,certain_success,116037,0.29589807987213135,0.11628222465515137,0.36733266711235046,0.25624004006385803,0.10287202149629593,0.19158023595809937,0.420040488243103,0.15507566928863525,0.3237870931625366
quad3d,fm_disp_gdiv_d10,29,16500,certain_failure,553203,5.741676330566406,3.7403669357299805,12.694080352783203,5.370875835418701,3.2250683307647705,12.21059513092041,8.82912826538086,5.868112564086914,19.978452682495117
quad3d,fm_disp_greedy_d05,29,16500,full,990000,5.180299282073975,3.5425357818603516,11.623720169067383,4.869986057281494,3.1826605796813965,11.203174591064453,8.013571739196777,5.6969475746154785,18.17426300048828
quad3d,fm_disp_greedy_d05,29,16500,certain_success,124153,0.27319997549057007,0.10055793821811676,0.39890459179878235,0.21949638426303864,0.08447393774986267,0.16611041128635406,0.4339422285556793,0.13481903076171875,0.36921966075897217
quad3d,fm_disp_greedy_d05,29,16500,certain_failure,547946,5.596639633178711,3.62154483795166,12.41659164428711,5.195585250854492,3.069007396697998,11.858109474182129,8.70969009399414,5.7967119216918945,19.708106994628906
quad3d,fm_disp_greedy_d10,29,16500,full,990000,5.110486030578613,3.400590419769287,11.633698463439941,4.854124069213867,3.1198973655700684,11.283751487731934,7.71600341796875,5.343523025512695,17.74563980102539
quad3d,fm_disp_greedy_d10,29,16500,certain_success,116702,0.2609439790248871,0.10860821604728699,0.34666907787323,0.21934817731380463,0.09554930776357651,0.18315285444259644,0.38584432005882263,0.14342233538627625,0.31687137484550476
quad3d,fm_disp_greedy_d10,29,16500,certain_failure,529973,5.452982425689697,3.3777174949645996,12.393722534179688,5.124114036560059,2.940138339996338,11.898683547973633,8.284302711486816,5.251158714294434,19.29299545288086
quad3d,fm_disp_prop_d05,29,16500,full,990000,5.229043006896973,3.59877347946167,11.567267417907715,4.890058517456055,3.199441432952881,11.073704719543457,8.128186225891113,5.808102607727051,18.273466110229492
quad3d,fm_disp_prop_d05,29,16500,certain_success,121342,0.3756263256072998,0.18159960210323334,0.6442944407463074,0.29910218715667725,0.15814277529716492,0.24588412046432495,0.6647176146507263,0.22951246798038483,2.4978256225585938
quad3d,fm_disp_prop_d05,29,16500,certain_failure,503183,5.424414157867432,3.4618980884552,11.885397911071777,4.984152793884277,2.8904941082000732,11.142505645751953,8.510568618774414,5.55492639541626,19.38292694091797
quad3d,fm_disp_prop_d10,29,16500,full,990000,5.030832767486572,3.334733486175537,11.432121276855469,4.743412494659424,3.0024161338806152,11.02108383178711,7.723815441131592,5.365978240966797,17.77378273010254
quad3d,fm_disp_prop_d10,29,16500,certain_success,133709,0.3605513870716095,0.11035560816526413,0.6434118151664734,0.277249276638031,0.09239897131919861,0.1931023895740509,0.6609389185905457,0.14491476118564606,2.746943235397339
quad3d,fm_disp_prop_d10,29,16500,certain_failure,557186,5.421534061431885,3.425495147705078,12.152961730957031,5.058285713195801,2.927163600921631,11.640874862670898,8.348945617675781,5.447812557220459,19.222232818603516
quad3d,fm_nonadapt,14,24000,full,990000,4.867611885070801,3.1709632873535156,11.287360191345215,4.4711127281188965,2.6755149364471436,10.613190650939941,7.894409656524658,5.354556083679199,18.845932006835938
quad3d,fm_nonadapt,14,24000,certain_success,142447,0.29992958903312683,0.07295282185077667,0.6851492524147034,0.19065476953983307,0.059813037514686584,0.13109610974788666,0.6710200309753418,0.09760157018899918,3.0591604709625244
quad3d,fm_nonadapt,14,24000,certain_failure,560044,5.063517093658447,3.1311025619506836,11.601879119873047,4.548540115356445,2.460501194000244,10.650371551513672,8.33765697479248,5.200947284698486,20.105297088623047
quad3d,fm_ranked,19,29000,full,990000,4.33546781539917,2.509942054748535,10.448477745056152,4.024094104766846,2.1074516773223877,9.803503036499023,6.859601974487305,4.3379621505737305,17.070558547973633
quad3d,fm_ranked,19,29000,certain_success,143945,0.2585954964160919,0.047621630132198334,0.6528728604316711,0.13951095938682556,0.04103745520114899,0.0835258737206459,0.6438273787498474,0.06774091720581055,3.0310189723968506
quad3d,fm_ranked,19,29000,certain_failure,580450,4.354429721832275,2.3666272163391113,10.388507843017578,4.003399848937988,1.9475847482681274,9.542222023010254,6.818448543548584,3.7981057167053223,17.303730010986328
