system,arm,d2_ratio,target_traj,train_traj,budget_exact,epoch,n_total,f1,sep_pct,invalid_pct,uncertain_pct,tpr,fpr,tnr,fnr,auc,auprc,brier,log_score,num_mc_samples,log_score_smoothing,n_saturated,base_rate,tf_source,tf_validated,f1_win3_median,invalid_pct_win3_median,win3_n_epochs,full_mean_of_means,full_mean_of_medians,full_mean_of_p90s,full_median_of_means,full_median_of_medians,full_median_of_p90s,full_p90_of_means,full_p90_of_medians,full_p90_of_p90s,certain_success_mean_of_means,certain_success_mean_of_medians,certain_success_mean_of_p90s,certain_success_median_of_means,certain_success_median_of_medians,certain_success_median_of_p90s,certain_success_p90_of_means,certain_success_p90_of_medians,certain_success_p90_of_p90s,certain_failure_mean_of_means,certain_failure_mean_of_medians,certain_failure_mean_of_p90s,certain_failure_median_of_means,certain_failure_median_of_medians,certain_failure_median_of_p90s,certain_failure_p90_of_means,certain_failure_p90_of_medians,certain_failure_p90_of_p90s
pendulum,entropy_tiebreak,0.5,500,500,True,8,48770,0.9987699173270018,0.052511790034857495,0.05191716218987082,0.0005946278449866721,0.9981132075471698,0.0003482015390508026,0.9996517984609492,0.0018867924528301887,0.997963803368511,0.9974035730831349,0.018611720319868772,0.07478441729841452,100,kt_count,33545,0.3863030551568587,per_point,one_sided,0.9987699173270018,0.05191716218987082,3,0.10780434310436249,0.07709039002656937,0.23024894297122955,0.022045718505978584,0.01636466756463051,0.0344633087515831,0.22448475658893585,0.05330551788210869,0.6760494709014893,0.036859214305877686,0.02484673261642456,0.06749074906110764,0.02170102298259735,0.017508719116449356,0.03635597601532936,0.0693938285112381,0.04823760315775871,0.0820830687880516,0.09921637177467346,0.06622610241174698,0.21404865384101868,0.019579783082008362,0.01390024647116661,0.028961895033717155,0.18885399401187897,0.040058426558971405,0.33983394503593445
pendulum,clf_adaptive,-,500,500,True,9,48770,0.9986395283698348,0.003506253844576584,0.0,0.003506253844576584,0.9990392826643895,0.0011050463784616415,0.9988949536215384,0.0009607173356105893,0.9999592423013925,0.9999316718364203,0.0019441526944411053,0.0066631487590911465,1,clip,34027,0.3863030551568587,per_point,one_sided,0.9970699483245431,0.0,3,,,,,,,,,,,,,,,,,,,,,,,,,,,
pendulum,partx,-,500,500,True,9,48770,0.9976612274523509,0.01168751281525528,0.0,0.01168751281525528,0.998493327593629,0.0019921663965424097,0.9980078336034576,0.001506672406371072,0.9998790294835154,0.9998086256415112,0.006443634663351291,0.025995563949508745,1,clip,4904,0.3863030551568587,per_point,one_sided,0.9965577991597778,0.0,3,,,,,,,,,,,,,,,,,,,,,,,,,,,
pendulum,fm_nonadapt,baseline,500,500,True,9,48770,0.993234100135318,0.08006971498872258,0.0309821611646504,0.04908755382407218,0.9952249012556741,0.005340118987886173,0.9946598810121138,0.004775098744325886,0.9968255760255884,0.9940515086653221,0.020983955300389583,0.08473845413134032,20,kt_count,43005,0.3863030551568587,mc_cache_K20,one_sided,0.9896148140007692,0.0309821611646504,3,3.17803692817688,3.073979377746582,4.449067206930093,2.848586082458496,2.0996782779693604,6.280381226539612,6.284306192398072,6.283897399902344,6.297306146621704,2.9468648433685303,2.658487558364868,5.9115842900019215,2.8302183151245117,0.0453132688999176,6.280668592453003,4.711431503295898,6.2787933349609375,6.282527589797974,3.255866289138794,3.2218267917633057,3.4305901555749307,5.3561248779296875,6.2569146156311035,6.281865048408509,6.288159370422363,6.285308408737182,6.306567854881287
pendulum,fm_disp_prop_d05,campaignA,500,500,True,4,48770,0.9919181523746103,0.060282960836579864,0.05876563461144146,0.0015173262251384047,0.9840249834844754,3.4271222454504955e-05,0.9999657287775455,0.015975016515524593,0.9949304933379585,0.9937825023354733,0.03429591347139635,0.1318714068913987,100,kt_count,30021,0.3863030551568587,per_point,one_sided,0.9919181523746103,0.05876563461144146,3,0.09976884722709656,0.07013234496116638,0.2097613364458084,0.02396358735859394,0.016074925661087036,0.033551160246133804,0.1854710429906845,0.05814136192202568,0.26718348264694214,0.051045771688222885,0.03407517448067665,0.10027267038822174,0.03667549043893814,0.027544913813471794,0.057597558945417404,0.08487182855606079,0.060249678790569305,0.12017479538917542,0.07741022109985352,0.04710542783141136,0.17557395994663239,0.010108696296811104,0.00824514776468277,0.013814238831400871,0.141323521733284,0.031087704002857208,0.13185398280620575
pendulum,fm_disp_greedy_d05,campaignA,500,500,True,4,48770,0.9916969063288026,0.10652040188640557,0.10588476522452327,0.0006356366618823047,0.9835305599609613,0.0,1.0,0.016469440039038673,0.992998986311301,0.9913528636181287,0.038856901783883534,0.15274486227561881,100,kt_count,29616,0.3863030551568587,per_point,one_sided,0.9916969063288026,0.10699200328070535,3,0.13343210518360138,0.11065523326396942,0.247711181640625,0.026334861293435097,0.018620364367961884,0.03912892937660217,0.3250882029533386,0.08438091725111008,1.0476539134979248,0.05070262402296066,0.036681462079286575,0.08927608281373978,0.03843606263399124,0.029287025332450867,0.05832812935113907,0.08509762585163116,0.06478215008974075,0.1218452900648117,0.08168112486600876,0.060688555240631104,0.1639278680086136,0.008444392122328281,0.007212688215076923,0.012118150480091572,0.11768181622028351,0.025928430259227753,0.15867827832698822
pendulum,entropy,0.5,500,500,True,8,48770,0.9904235943834087,0.05706376871027271,0.049374615542341606,0.0076891531679311054,0.9938686475651456,0.007648578811369509,0.9923514211886305,0.0061313524348543804,0.9916248706287778,0.9884055388427397,0.027008607750666394,0.10588937985513935,100,kt_count,34755,0.3863030551568587,per_point,one_sided,0.9904235943834087,0.049374615542341606,3,0.11828328669071198,0.08126281201839447,0.25459474325180054,0.019966211169958115,0.013893439434468746,0.02709236368536949,0.2928253710269928,0.05394529551267624,1.309226155281067,0.06255648285150528,0.04969662055373192,0.10568971186876297,0.021445469930768013,0.016693023964762688,0.032290901988744736,0.0865904912352562,0.055088628083467484,0.09096330404281616,0.10840486735105515,0.060338012874126434,0.25883975625038147,0.01493794098496437,0.010983213782310486,0.020711207762360573,0.28991982340812683,0.038139328360557556,1.8869086503982544
pendulum,entropy_tiebreak,1.0,500,500,True,8,48770,0.9891626217297066,0.41921263071560383,0.417408242772196,0.0018043879434078327,0.9947807933194155,0.0224271118863693,0.9775728881136307,0.005219206680584551,0.9829938974734395,0.9794508048687622,0.04306292187820381,0.17449230125492898,100,kt_count,25485,0.3863030551568587,per_point,one_sided,0.9983480825958703,0.32302645068689767,3,0.41508540511131287,0.38672885298728943,0.5797437429428101,0.08067777007818222,0.06287798285484314,0.12878747284412384,2.035179376602173,2.0516302585601807,2.2925336360931396,0.0810108482837677,0.06845269352197647,0.1353728473186493,0.03488589823246002,0.029318448156118393,0.06486017256975174,0.08337977528572083,0.06284338235855103,0.12411639094352722,0.10220266133546829,0.07071323692798615,0.22056175768375397,0.061076804995536804,0.05114222317934036,0.10266327112913132,0.11556229740381241,0.07825280725955963,0.16648775339126587
pendulum,mode_sep,0.5,500,500,True,8,48770,0.9885936172794563,0.08398605700225549,0.08339142915726881,0.0005946278449866721,0.9785598462554802,0.0006780144880990615,0.999321985511901,0.02144015374451985,0.9856964640778945,0.9826774289175203,0.042530479803157675,0.17578285738869745,100,kt_count,31897,0.3863030551568587,per_point,one_sided,0.9873501997336883,0.08339142915726881,3,0.12220191955566406,0.08952893316745758,0.23533764481544495,0.02890089713037014,0.02056621015071869,0.04439174383878708,0.25218072533607483,0.07615797221660614,0.7385467886924744,0.04516422003507614,0.036582138389348984,0.0790645107626915,0.03293025866150856,0.026427188888192177,0.05523575469851494,0.07739044725894928,0.06564617156982422,0.11726564168930054,0.09496358036994934,0.05295546352863312,0.20768453180789948,0.018605664372444153,0.012997089885175228,0.027422994375228882,0.18011343479156494,0.037840116769075394,0.3010512888431549
pendulum,mode_sep,1.0,500,500,True,8,48770,0.9870816400700432,0.12589706786959196,0.12333401681361493,0.002563051055977035,0.9752562512241301,0.0004393512246915388,0.9995606487753085,0.024743748775869948,0.9589156652145877,0.9518180640201135,0.06585965757637892,0.2790598356501965,100,kt_count,34089,0.3863030551568587,per_point,one_sided,0.9870816400700432,0.12333401681361493,3,0.14111070334911346,0.09008453786373138,0.3046893775463104,0.03326436132192612,0.021509919315576553,0.041902102530002594,0.42956945300102234,0.1487240195274353,1.7565785646438599,0.06021220609545708,0.04007556661963463,0.12109020352363586,0.03723534569144249,0.026514891535043716,0.05114872008562088,0.11409642547369003,0.08754613995552063,0.14222438633441925,0.10071098804473877,0.054801058024168015,0.2253466695547104,0.01957777515053749,0.014529845677316189,0.027241704985499382,0.21974724531173706,0.05108680576086044,0.26284393668174744
pendulum,entropy,1.0,500,500,True,8,48770,0.9851680279572516,0.5425466475292188,0.5410498257125282,0.0014968218166905884,0.9948297086581863,0.02982716049382716,0.9701728395061728,0.005170291341813705,0.9706950178512779,0.960462216331483,0.07718085298339142,0.27623627022924047,100,kt_count,25230,0.3863030551568587,per_point,one_sided,0.9983654195423174,0.46317408242772196,3,0.4596773087978363,0.43078580498695374,0.6196336150169373,0.09790597856044769,0.07593292742967606,0.14671604335308075,2.0902397632598877,2.0639822483062744,2.3310415744781494,0.10704533755779266,0.08804965019226074,0.17703936994075775,0.042678169906139374,0.03421546518802643,0.07911141216754913,0.09665333479642868,0.06645330786705017,0.15519823133945465,0.09373776614665985,0.06247922033071518,0.19896724820137024,0.06151694804430008,0.052066296339035034,0.09526331722736359,0.10922601073980331,0.08146423101425171,0.1516743004322052
pendulum,fm_disp_gdiv_d05,campaignA,500,500,True,4,48770,0.9844450303190088,0.11632150912446176,0.11338937871642403,0.002932130408037728,0.9696812309290398,0.00018054452227919405,0.9998194554777208,0.030318769070960202,0.9843842000761862,0.9812168725849777,0.05637014353085914,0.2202808318353097,100,kt_count,28995,0.3863030551568587,per_point,one_sided,0.9940953725691547,0.12632766044699612,3,0.13370268046855927,0.09723716974258423,0.2677210569381714,0.03365834057331085,0.021707333624362946,0.0478251688182354,0.3241688013076782,0.09368859976530075,1.1161832809448242,0.06857461482286453,0.04471246898174286,0.1324145346879959,0.05484499782323837,0.03661369904875755,0.07780507951974869,0.11161038279533386,0.07847341150045395,0.16362394392490387,0.09633861482143402,0.05598742514848709,0.21249647438526154,0.012096123769879341,0.009442358277738094,0.017702165991067886,0.1914599984884262,0.0401458665728569,0.3595156669616699
pendulum,clf_nonadapt,-,500,500,True,9,48770,0.9780684265092909,0.005372155013327866,0.0,0.005372155013327866,0.9841643483843355,0.017742151864770593,0.9822578481352294,0.015835651615664456,0.9969706588905607,0.9923626058724397,0.017077552429948514,0.14761344728262638,1,clip,14984,0.3863030551568587,per_point,one_sided,0.9780684265092909,0.0,3,,,,,,,,,,,,,,,,,,,,,,,,,,,
pendulum,fm_direct,baseline,500,500,True,8,48770,0.9740958648188942,0.059462784498667216,0.054377691203608775,0.0050850932950584375,0.9494998912807132,0.0,1.0,0.0505001087192868,0.9956582663156708,0.9947586043784457,0.01061728521632151,0.05931794317916299,20,kt_count,45534,0.3863030551568587,mc_cache_K20,one_sided,0.9751041956098916,0.054377691203608775,3,0.27442753314971924,0.21026988327503204,0.5684390985387519,0.022418096661567688,0.021364212036132812,0.03474269751459361,0.8990952134132383,0.10889873802661895,2.594704771041869,0.012844077311456203,0.012362425215542316,0.020611117936839084,0.012174254283308983,0.011516894213855267,0.02012193836271763,0.02053137496113777,0.0209680438041687,0.03256580073386432,0.307405948638916,0.20361824333667755,0.7519544662709637,0.03526594117283821,0.030114352703094482,0.05351186767220498,1.0660289287567137,0.09383949041366577,4.125674171447754
pendulum,fm_ranked,baseline,500,500,True,8,48770,0.972698523225114,0.11843346319458684,0.10127127332376461,0.017162189870822228,0.9468481699051062,0.0,1.0,0.05315183009489381,0.9940955701307297,0.9929494421816517,0.013194945663317612,0.07148477580488141,20,kt_count,42694,0.3863030551568587,mc_cache_K20,one_sided,0.9744659546061415,0.10127127332376461,3,0.29338547587394714,0.25910767912864685,0.5354503796622849,0.0347696915268898,0.027502259239554405,0.05531362872570753,0.8577534139156341,0.22890501916408493,2.104929122924805,0.02104996144771576,0.01382902730256319,0.0408632317092534,0.011795304715633392,0.010240178555250168,0.018206413835287094,0.04029427245259286,0.030350513011217124,0.05596208639442921,0.28275659680366516,0.23651793599128723,0.5920113471556224,0.0448329895734787,0.03510204702615738,0.07441048622131348,0.8141981363296509,0.11030895262956619,2.103393578529358
pendulum,fm_disp_prop_d10,campaignA,500,500,True,4,48770,0.9650115231510581,0.04441254869797007,0.041193356571662905,0.003219192126307156,0.9326583743129881,0.00017053787646236228,0.9998294621235376,0.06734162568701187,0.975147638367798,0.970525667826223,0.046595743284806236,0.20207983313350678,100,kt_count,33264,0.3863030551568587,per_point,one_sided,0.9677783683231463,0.041193356571662905,3,0.12101200222969055,0.0900280773639679,0.2321668565273285,0.019543655216693878,0.013733724132180214,0.02751370146870613,0.23517777025699615,0.07513134181499481,0.4375247061252594,0.07085322588682175,0.03854484111070633,0.1591809242963791,0.04522878676652908,0.0311328936368227,0.06511452049016953,0.12798917293548584,0.08082367479801178,0.16141976416110992,0.11356311291456223,0.09266478568315506,0.19144420325756073,0.009606754407286644,0.008292337879538536,0.014000177383422852,0.14119189977645874,0.03439018130302429,0.1337585300207138
pendulum,fm_disp_gdiv_d10,campaignA,500,500,True,4,48770,0.9104351499788761,0.38886610621283574,0.38751281525527986,0.0013532909575558745,0.8357572231917781,4.057124310288867e-05,0.9999594287568971,0.16424277680822183,0.912161336465908,0.8902200667918548,0.22326482058642608,0.8149402284028953,100,kt_count,31495,0.3863030551568587,per_point,one_sided,0.9535768042462173,0.17024810334221857,3,0.23867930471897125,0.19179190695285797,0.4168250262737274,0.10430711507797241,0.07681822776794434,0.14032362401485443,0.623727023601532,0.32272738218307495,1.9744818210601807,0.14344215393066406,0.10370955616235733,0.2936874330043793,0.10933299362659454,0.1005663275718689,0.1611787974834442,0.21908417344093323,0.1414167582988739,0.24502290785312653,0.17988121509552002,0.1305248737335205,0.33862408995628357,0.05576889216899872,0.0462542325258255,0.0777716338634491,0.43210652470588684,0.07965247333049774,2.084456205368042
pendulum,fm_disp_greedy_d10,campaignA,500,500,True,4,48770,0.4289855072463768,0.6469755997539471,0.6469755997539471,0.0,0.3153409090909091,0.050334795659201105,0.9496652043407989,0.6846590909090909,0.724043721443453,0.5905986369598815,0.3012934754972319,1.3183515071403467,100,kt_count,34942,0.3863030551568587,per_point,one_sided,0.5467786154900617,0.3344679106007792,3,0.6593827605247498,0.6368969082832336,0.8532043695449829,0.1592855155467987,0.11758868396282196,0.23413866758346558,2.0817604064941406,2.082972288131714,2.1092019081115723,0.7568359375,0.7467567324638367,0.8216853141784668,0.117219477891922,0.10992667078971863,0.19470146298408508,2.0934367179870605,2.0799951553344727,2.1543164253234863,0.5501959919929504,0.5019851922988892,0.7508949637413025,0.07418409734964371,0.04205876961350441,0.0757012888789177,2.096146583557129,2.0966367721557617,2.119067907333374
cartpole,entropy,1.0,1000,1000,True,14,115242,0.9967415191088433,0.17933565887436873,0.16657989274743584,0.01275576612693289,0.9965149755038133,0.00080239649085268,0.9991976035091473,0.003485024496186676,0.9993323555792091,0.9984285899818146,0.004220472570764131,0.019509153460597735,100,kt_count,108245,0.18000381805244617,per_point,two_sided,0.9953661730633626,0.15568108849204282,3,1.9733035564422607,1.8449920415878296,3.2418994903564453,1.215461254119873,1.0714250802993774,2.0018224716186523,4.768571853637695,4.47812557220459,8.489558219909668,0.08035686612129211,0.046278491616249084,0.1647000014781952,0.026090022176504135,0.02337820455431938,0.037167057394981384,0.09070394933223724,0.0498298741877079,0.07753219455480576,1.7988300323486328,1.6670948266983032,2.9560787677764893,1.2390974760055542,1.110984206199646,2.0364291667938232,3.4748189449310303,3.0710031986236572,6.27097749710083
cartpole,entropy,0.5,1000,1000,True,14,115242,0.9948389393130451,0.06654691865812812,0.04946113396157651,0.017085784696551604,0.9978070175438597,0.0018189052464048202,0.9981810947535952,0.0021929824561403508,0.9989282434367271,0.9968085457628236,0.006347373353464884,0.026478095560068613,100,kt_count,106411,0.18000381805244617,per_point,two_sided,0.9948389393130451,0.033199701497717844,3,1.1551028490066528,0.9967772364616394,2.1466660499572754,0.6855509281158447,0.5789057016372681,1.12886381149292,2.2694568634033203,1.7246402502059937,5.386686325073242,0.11861266195774078,0.08323538303375244,0.205386221408844,0.030829094350337982,0.02697930485010147,0.04245466738939285,0.13381345570087433,0.05369667336344719,0.08609101921319962,1.2700504064559937,1.1055599451065063,2.3377585411071777,0.7742522954940796,0.66847825050354,1.3006720542907715,2.1641488075256348,1.7220039367675781,3.9718220233917236
cartpole,mode_sep,0.5,1000,1000,True,14,115242,0.9942559546603356,0.06312802624043318,0.052654414189271276,0.010473612051161903,0.9954503629485738,0.0015383745263276964,0.9984616254736723,0.004549637051426234,0.9973884339355586,0.9943589114058845,0.006838594436056299,0.02896587233757807,100,kt_count,108356,0.18000381805244617,per_point,two_sided,0.9942559546603356,0.052654414189271276,3,1.0155794620513916,0.8970238566398621,1.8555936813354492,0.5982440114021301,0.509189784526825,0.9836861491203308,1.9216123819351196,1.5312339067459106,3.3251495361328125,0.10259799659252167,0.07563558220863342,0.17035861313343048,0.03135807812213898,0.02799231931567192,0.0434139147400856,0.09251097589731216,0.05713798105716705,0.0881207212805748,1.118980050086975,0.9925097823143005,2.039900064468384,0.6711016297340393,0.5894988179206848,1.1302542686462402,1.8807278871536255,1.5359975099563599,2.9210987091064453
cartpole,mode_sep,1.0,1000,1000,True,14,115242,0.993697065195982,0.06678988563197445,0.0612103226254317,0.005579563006542753,0.9959530154969894,0.0019935153466310736,0.9980064846533689,0.004046984503010562,0.9996126666984555,0.9985175637948144,0.004394213915065688,0.019718280226597877,100,kt_count,108752,0.18000381805244617,per_point,two_sided,0.993010399162222,0.07590114715121223,3,1.2045270204544067,1.066548466682434,2.1124067306518555,0.7957145571708679,0.6757826209068298,1.3166406154632568,2.344559669494629,1.9410573244094849,3.8994336128234863,0.14151787757873535,0.08533772081136703,0.31502747535705566,0.03041185811161995,0.02655358612537384,0.042077697813510895,0.13189652562141418,0.052970558404922485,0.08705475181341171,1.3756740093231201,1.21273672580719,2.438619375228882,0.8908531665802002,0.7595301866531372,1.4900097846984863,2.376267194747925,1.9092276096343994,3.984926700592041
cartpole,fm_ranked,baseline,1000,1000,True,14,115242,0.9923861657128639,0.01642630291039725,0.0075232987973134794,0.008903004113083772,0.9918432308763553,0.0015229025235138295,0.9984770974764862,0.008156769123644683,0.9989189872973763,0.9966790437007731,0.004782284236649831,0.039004275070228,20,kt_count,111037,0.18000381805244617,mc_cache_K20,two_sided,0.9948284907687311,0.011037642526162336,3,1.2869153022766113,1.1889739036560059,2.1605455962561178,0.6102502346038818,0.5241236686706543,0.937325742840767,2.6886822700500512,2.068259167671206,6.4579692125320465,0.11162910610437393,0.07416373491287231,0.22328350639025088,0.0264306478202343,0.024205423891544342,0.03720979969948532,0.06957252025604249,0.051684452593326574,0.08245655529201032,1.5109124183654785,1.404628872871399,2.5157090502639137,0.7432800531387329,0.6423823237419128,1.1491167545318604,3.1284070014953667,2.313117313385016,6.887063446044926
cartpole,entropy_tiebreak,0.5,1000,1000,True,14,115242,0.9922460517102772,0.02584995053886604,0.009805452873084465,0.016044497665781574,0.9874064516129032,0.0005921109292911894,0.9994078890707088,0.012593548387096774,0.9991246231114517,0.997794106435708,0.005382299855955295,0.02397431683806724,100,kt_count,105560,0.18000381805244617,per_point,two_sided,0.9922460517102772,0.019116294406553165,3,1.168776512145996,1.0208604335784912,2.16636061668396,0.6885821223258972,0.5790019035339355,1.137076735496521,2.190974473953247,1.714616298675537,5.505433082580566,0.0950271412730217,0.051081907004117966,0.19754061102867126,0.03392408788204193,0.028857262805104256,0.04509253799915314,0.14924973249435425,0.058444492518901825,0.10081149637699127,1.351097822189331,1.1964062452316284,2.478175401687622,0.7977873086929321,0.684853196144104,1.343915581703186,2.38230562210083,1.8136779069900513,5.796881675720215
cartpole,clf_adaptive,-,1000,1000,True,7,115242,0.9918788851012633,0.016608528140782005,0.0,0.016608528140782005,0.9938218895976694,0.00215159657029084,0.9978484034297092,0.006178110402330604,0.9995243108555435,0.9979567222099122,0.008102767763421309,0.03579846889217006,1,clip,35786,0.18000381805244617,per_point,one_sided,0.9813280771382148,0.0,3,,,,,,,,,,,,,,,,,,,,,,,,,,,
cartpole,fm_direct,baseline,1000,1000,True,14,115242,0.9896443043674021,0.00986619461654605,0.0022821540757709865,0.007584040540775065,0.9835918854415274,0.0008936835721809071,0.9991063164278191,0.016408114558472554,0.9983580684155462,0.9956754108302678,0.004669673382968014,0.0387249831489432,20,kt_count,111490,0.18000381805244617,mc_cache_K20,two_sided,0.9896443043674021,0.0022821540757709865,3,1.4159648418426514,1.3001863956451416,2.36831732536934,0.6337732076644897,0.5481309294700623,0.9703406870365145,3.3121601104736342,2.360535597801209,6.629896435737611,0.07055462151765823,0.0503220334649086,0.10690681024369082,0.02005912736058235,0.018580300733447075,0.028933639917522673,0.053537752479314804,0.04463047720491886,0.06306177750229836,1.6841329336166382,1.5528696775436401,2.8040771132427476,0.7936398983001709,0.6819765567779541,1.2296456694602969,3.9454280376434325,2.9385274410247795,7.069047031402588
cartpole,entropy_tiebreak,1.0,1000,1000,True,14,115242,0.9873915857605178,0.08637475920237414,0.07233473907082487,0.014040020131549261,0.9773962070732958,0.000536268040756371,0.9994637319592437,0.022603792926704253,0.9995864325105606,0.998512360743682,0.005340898283611879,0.023321938017719996,100,kt_count,105451,0.18000381805244617,per_point,two_sided,0.9947871630802677,0.15614966765588933,3,2.13722562789917,1.947739839553833,3.648892879486084,1.309079885482788,1.1266976594924927,2.189418077468872,5.244874477386475,4.882757186889648,9.729205131530762,0.10478315502405167,0.05094932019710541,0.24472980201244354,0.035408154129981995,0.031905777752399445,0.046155042946338654,0.19440525770187378,0.05717364698648453,0.089248426258564,2.2920379638671875,2.089874029159546,3.9015841484069824,1.4887571334838867,1.309470772743225,2.4690232276916504,4.8690667152404785,4.331124782562256,9.264490127563477
cartpole,fm_disp_gdiv_d10,campaignA,1000,1000,True,7,115242,0.9872853000223064,0.3210808559379393,0.32105482376217004,2.6032175769250796e-05,0.9761799735333039,8.140449895530894e-05,0.9999185955010447,0.023820026466696075,0.9030207995513623,0.8277342683736767,0.10771544749310147,0.4162609846543698,100,kt_count,95758,0.18000381805244617,per_point,two_sided,0.9512262331220722,0.34924767012026864,3,1.895735263824463,1.7146896123886108,3.2951974868774414,1.2937041521072388,1.1131856441497803,2.2383992671966553,4.1318488121032715,3.5107409954071045,6.460378646850586,0.16087663173675537,0.13406617939472198,0.24611644446849823,0.1448272466659546,0.1262790709733963,0.2198934704065323,0.21988648176193237,0.17818789184093475,0.3389643132686615,1.8910574913024902,1.7059307098388672,3.4160354137420654,1.256305456161499,1.1211143732070923,2.152672290802002,3.709716558456421,2.6379449367523193,7.295984745025635
cartpole,fm_disp_prop_d05,campaignA,1000,1000,True,7,115242,0.9849070128628887,0.12197809826278613,0.08648756529737422,0.035490532965411915,0.9784776072163317,0.0012083978000383977,0.9987916021999615,0.0215223927836683,0.9768569854036255,0.9505777715114572,0.04237544558407526,0.15099010952930425,100,kt_count,95317,0.18000381805244617,per_point,two_sided,0.98201748983865,0.08648756529737422,3,1.3336734771728516,1.1944975852966309,2.4808361530303955,0.8363350629806519,0.6938119530677795,1.5134608745574951,2.6712217330932617,1.9055010080337524,5.815493106842041,0.19062364101409912,0.12410645186901093,0.34850358963012695,0.0881219282746315,0.06555861234664917,0.11948315054178238,0.32525914907455444,0.12636840343475342,0.3298264741897583,1.3669840097427368,1.2371342182159424,2.535930633544922,0.8655804395675659,0.7448291778564453,1.5491451025009155,2.122001886367798,1.682253360748291,3.664783239364624
cartpole,fm_disp_gdiv_d05,campaignA,1000,1000,True,7,115242,0.9844140122569419,0.1323128720431787,0.11796046580239843,0.01435240624078027,0.9861300591177808,0.002638248847926267,0.9973617511520737,0.01386994088221919,0.9736037094021428,0.9415028572075438,0.04658296194095903,0.16570686488936706,100,kt_count,95436,0.18000381805244617,per_point,two_sided,0.9830061046032008,0.12964891272279203,3,1.3537108898162842,1.142903447151184,2.590611219406128,0.8715853095054626,0.7176524996757507,1.5933111906051636,2.8395516872406006,1.9164948463439941,6.054701328277588,0.279145210981369,0.18809227645397186,0.5422033667564392,0.09259278327226639,0.06462544202804565,0.12099936604499817,0.4813101589679718,0.14025484025478363,1.0545001029968262,1.37123703956604,1.155927062034607,2.6333701610565186,0.8923949003219604,0.7646670937538147,1.6090397834777832,2.16231107711792,1.703926682472229,3.6559813022613525
cartpole,fm_nonadapt,baseline,1000,1000,True,14,115242,0.9838595066490712,0.0758664375835199,0.020799708439631383,0.055066729143888514,0.9763599731363332,0.0013644947548821622,0.9986355052451178,0.02364002686366689,0.9844886106996863,0.9654325471572031,0.01952224449419482,0.08551652699960191,20,kt_count,104131,0.18000381805244617,mc_cache_K20,two_sided,0.9874382685360115,0.03379844154041062,3,1.343500018119812,1.243960976600647,2.2817145204553024,0.6996488571166992,0.5719455480575562,1.1498869717121125,2.7941248893737964,2.1000755786895757,6.254963178634645,0.11762025952339172,0.10625117272138596,0.1331126750695645,0.05470900610089302,0.04930495470762253,0.07324186712503433,0.10395342856645585,0.08815578818321228,0.13822775483131414,1.4636071920394897,1.3666949272155762,2.467261281455438,0.7781741619110107,0.6541852355003357,1.2852578043937686,2.4872153997421265,1.9763261079788208,6.317501521110534
cartpole,clf_nonadapt,-,1000,1000,True,7,115242,0.983731053005279,0.08153277450929348,0.0,0.08153277450929348,0.9774246978712963,0.0017756435311854376,0.9982243564688146,0.02257530212870376,0.9955085025703893,0.9823923071891457,0.040204939480177275,0.1636496894801039,1,clip,0,0.18000381805244617,per_point,one_sided,0.983731053005279,0.0,3,,,,,,,,,,,,,,,,,,,,,,,,,,,
cartpole,fm_disp_prop_d10,campaignA,1000,1000,True,7,115242,0.978618674050146,0.4269971017510977,0.42690165043994377,9.545131115391958e-05,0.9742725880551302,0.0018486152191449314,0.9981513847808551,0.02572741194486983,0.9235789194566417,0.837271883079337,0.09121259089568039,0.3384046197348218,100,kt_count,90405,0.18000381805244617,per_point,two_sided,0.978618674050146,0.34963815275680743,3,2.4856674671173096,2.3241662979125977,4.2106614112854,1.8359289169311523,1.5793626308441162,3.2932589054107666,5.2786078453063965,5.351058006286621,7.308811187744141,0.3029780089855194,0.2385307401418686,0.44387173652648926,0.17260129749774933,0.13286924362182617,0.24470938742160797,0.37434786558151245,0.19719600677490234,0.6098180413246155,2.4441871643066406,2.2598321437835693,4.43417501449585,1.6516982316970825,1.4545410871505737,2.940171480178833,4.702099323272705,3.6048688888549805,11.564581871032715
cartpole,fm_disp_greedy_d05,campaignA,1000,1000,True,7,115242,0.9679726873679078,0.15505631627358082,0.1387688516339529,0.016287464639627915,0.9517263427109974,0.0021682516114587386,0.9978317483885413,0.048273657289002556,0.9587266690499888,0.9150844888877864,0.05598309817601222,0.20879634092941426,100,kt_count,94585,0.18000381805244617,per_point,two_sided,0.9806619895664689,0.18739695597091338,3,1.6989099979400635,1.456560730934143,3.1362271308898926,1.1401393413543701,0.9328049421310425,2.0743777751922607,3.9394593238830566,2.824578046798706,6.730961799621582,0.27543729543685913,0.17613470554351807,0.5281258225440979,0.10563553869724274,0.07263284921646118,0.1370999664068222,0.4768504500389099,0.1369214653968811,0.8746023178100586,1.771727442741394,1.5127989053726196,3.275000810623169,1.1540703773498535,0.9768827557563782,2.0743613243103027,4.034118175506592,2.4909191131591797,7.238783359527588
cartpole,partx,-,1000,1000,True,14,115242,0.9598455794580042,0.01594036896270457,0.0,0.01594036896270457,0.9581178379474699,0.008059092898391384,0.9919409071016086,0.04188216205253017,0.9971796503352193,0.9865094151047014,0.01552476976848174,0.056440627963266335,1,clip,5336,0.18000381805244617,per_point,one_sided,0.9598455794580042,0.0,3,,,,,,,,,,,,,,,,,,,,,,,,,,,
cartpole,fm_disp_greedy_d10,campaignA,1000,1000,True,7,115242,0.909423604757548,0.4713646066538241,0.4713646066538241,0.0,0.8701850925462732,0.0030567608875147127,0.9969432391124853,0.12981490745372687,0.7897864053293586,0.6103138059358371,0.12777534492632894,0.5582493074506122,100,kt_count,95334,0.18000381805244617,per_point,one_sided,0.9029813036887316,0.4713646066538241,3,2.9636688232421875,2.828977584838867,4.588530540466309,2.214609146118164,1.9853847026824951,3.6736044883728027,6.217573165893555,6.178879261016846,7.98121452331543,0.4544942080974579,0.4327629506587982,0.5327949523925781,0.16656330227851868,0.1456936001777649,0.24214836955070496,0.24464812874794006,0.20102977752685547,0.3366459012031555,2.5548436641693115,2.3564658164978027,4.563986301422119,1.7840362787246704,1.61624014377594,3.059918165206909,5.44045877456665,3.6384313106536865,11.839263916015625
quad2d,entropy,1.0,12000,12000,True,9,479789,0.9838317576693034,0.3509000831615564,0.341072846605487,0.009827236556069438,0.9809172052939366,0.0005729890931023506,0.9994270109068977,0.019082794706063406,0.9809242610511183,0.9129625235733088,0.01931920865213667,0.07125370326263099,100,kt_count,427514,0.08010813086585979,per_point,one_sided,0.9838317576693034,0.341072846605487,3,1.7237677574157715,1.5406934022903442,3.1212613582611084,1.100253701210022,0.8612443804740906,2.028794288635254,3.880575180053711,3.47701358795166,7.282508373260498,0.15880745649337769,0.09616971015930176,0.28244855999946594,0.07821948826313019,0.03292141482234001,0.062451865524053574,0.23797911405563354,0.09403423219919205,1.20042085647583,1.466260313987732,1.3170198202133179,2.640814781188965,0.9880207777023315,0.8114376068115234,1.8367273807525635,3.099123239517212,2.82637095451355,5.574982166290283
quad2d,mode_sep,0.5,12000,12000,True,9,479789,0.9833130732677643,0.35333657086761056,0.343611462538741,0.009725108328869565,0.9782321899736148,0.00034532450542225883,0.9996546754945778,0.021767810026385226,0.9796514212709859,0.9073999431004169,0.021420820610726803,0.0778637555577008,100,kt_count,425175,0.08010813086585979,per_point,one_sided,0.9820750861213288,0.3604772097734629,3,1.757981777191162,1.5543882846832275,3.217027425765991,1.1340785026550293,0.8818644285202026,2.095507860183716,3.9646337032318115,3.5190627574920654,7.475687026977539,0.17732815444469452,0.10031681507825851,0.3542468845844269,0.09024802595376968,0.03459625318646431,0.07484643906354904,0.27055975794792175,0.09357739984989166,1.3888955116271973,1.4852861166000366,1.324892282485962,2.694406270980835,1.0009714365005493,0.8163949847221375,1.8587090969085693,3.161853551864624,2.8619351387023926,5.729881763458252
quad2d,fm_disp_gdiv_d05,campaignA,12000,11500,False,19,479789,0.975857073877354,0.3610149461534133,0.35046239075927127,0.010552555394142009,0.9707012487992315,0.00038956887710933234,0.9996104311228907,0.029298751200768493,0.981540005080066,0.894368929007411,0.023345608590442882,0.08173790566051096,100,kt_count,423420,0.08010813086585979,per_point,one_sided,0.9747750926089257,0.37862685472155466,3,1.7407890558242798,1.5340049266815186,3.215513229370117,1.1332712173461914,0.8798177242279053,2.085986852645874,3.870950222015381,3.43501877784729,7.481911659240723,0.2071637660264969,0.13131864368915558,0.3833959102630615,0.08438463509082794,0.034941960126161575,0.0693252831697464,0.2941930890083313,0.1019228920340538,1.430030107498169,1.4975857734680176,1.3394663333892822,2.7209434509277344,1.020268440246582,0.8365001678466797,1.8753434419631958,3.152986526489258,2.862414598464966,5.764413833618164
quad2d,fm_disp_prop_d05,campaignA,12000,11500,False,19,479789,0.9643309256087572,0.3633222103883165,0.3543432633928664,0.008978946995450083,0.9564254062038404,0.000616000616000616,0.9993839993839994,0.04357459379615953,0.9754776580267398,0.8872491290768556,0.022799583566942967,0.08375152441839338,100,kt_count,426645,0.08010813086585979,per_point,one_sided,0.9643309256087572,0.3543432633928664,3,1.7066210508346558,1.5076603889465332,3.1207520961761475,1.1001394987106323,0.8573513031005859,2.0100929737091064,3.805208444595337,3.3860888481140137,7.222270965576172,0.2464277148246765,0.17027905583381653,0.43017342686653137,0.09316466003656387,0.03837341070175171,0.08071693778038025,0.30149972438812256,0.11023695021867752,1.416529655456543,1.4781770706176758,1.3222877979278564,2.669865846633911,1.0073072910308838,0.8268266320228577,1.8530993461608887,3.122357130050659,2.849888801574707,5.5872907638549805
quad2d,fm_direct,baseline,12000,7608,False,9,479789,0.9634037644838253,0.11726821581987082,0.07824689603138046,0.039021319788490355,0.9503491078355314,0.0010787006110987408,0.9989212993889013,0.04965089216446858,0.9872492336237968,0.9333763836937015,0.015729000456450648,0.05841204957724244,100,kt_count,424637,0.08010813086585979,per_point,two_sided,0.9592052801117295,0.07296540771047273,3,1.8761154413223267,1.6728702783584595,3.3854541778564453,1.2338393926620483,0.9700297117233276,2.2482059001922607,4.1360578536987305,3.7788617610931396,7.794672966003418,0.23234903812408447,0.16158540546894073,0.1918315291404724,0.0894489511847496,0.03101501613855362,0.05532404035329819,0.27207818627357483,0.10261659324169159,0.1705384999513626,1.8111413717269897,1.6289708614349365,3.2131640911102295,1.224804401397705,0.9911881685256958,2.2091245651245117,3.827254295349121,3.5396571159362793,6.8938422203063965
quad2d,fm_disp_greedy_d05,campaignA,12000,11500,False,19,479789,0.9551196597473497,0.2854546477722499,0.26777604321899834,0.017678604553251532,0.938849369774117,0.0006481133033468929,0.9993518866966531,0.06115063022588294,0.9781999165312038,0.8832981957252608,0.025086633707734028,0.08790564541917711,100,kt_count,425847,0.08010813086585979,per_point,two_sided,0.9551196597473497,0.26777604321899834,3,1.7168676853179932,1.5148216485977173,3.1569721698760986,1.1240078210830688,0.8757778406143188,2.065739631652832,3.7758588790893555,3.3516483306884766,7.255441665649414,0.2436404675245285,0.19612371921539307,0.22680816054344177,0.08193626999855042,0.042440056800842285,0.0698193907737732,0.22505046427249908,0.12247651815414429,0.17876388132572174,1.5115574598312378,1.3490424156188965,2.743379831314087,1.0341905355453491,0.8384900093078613,1.9106042385101318,3.172497510910034,2.895872116088867,5.762753486633301
quad2d,fm_ranked,baseline,12000,12000,True,9,479789,0.9527512328879248,0.09153815531410682,0.06319444589183995,0.028343709422266872,0.9437710301212145,0.0022422015403584118,0.9977577984596416,0.05622896987878542,0.9862645296353874,0.9262797338083161,0.01679706558508011,0.061948365291360476,100,kt_count,425496,0.08010813086585979,per_point,two_sided,0.9556229637119424,0.07409090245920602,3,1.7606372833251953,1.5597232580184937,3.227729320526123,1.1278176307678223,0.8696100115776062,2.0884103775024414,3.9940171241760254,3.546712636947632,7.633628845214844,0.39042365550994873,0.25337085127830505,0.664818525314331,0.1315048187971115,0.03820246458053589,0.09324362874031067,0.5584112405776978,0.12873373925685883,1.6018187999725342,1.6957943439483643,1.513554334640503,3.0685927867889404,1.1222116947174072,0.8876182436943054,2.0603365898132324,3.6873059272766113,3.3022613525390625,6.784904956817627
quad2d,entropy_tiebreak,1.0,12000,12000,True,9,479789,0.9417135096389633,0.15641875907951203,0.11303302076537812,0.04338573831413392,0.91335528723015,0.000923094232323129,0.9990769057676768,0.08664471276984999,0.983742549688912,0.9145813769901172,0.019908495401103402,0.07202409774202284,100,kt_count,421333,0.08010813086585979,per_point,two_sided,0.9765666014413209,0.28991285752695456,3,1.8004815578460693,1.5691249370574951,3.3632023334503174,1.1854467391967773,0.9036685824394226,2.212602138519287,4.047156810760498,3.582500696182251,7.829499244689941,0.2933560907840729,0.21431590616703033,0.2529814839363098,0.11930075287818909,0.04830683395266533,0.08554282784461975,0.31664037704467773,0.13462840020656586,0.20262973010540009,1.6607588529586792,1.4587476253509521,3.0512807369232178,1.1305543184280396,0.8852609395980835,2.0871424674987793,3.581801652908325,3.189223289489746,6.63906192779541
quad2d,entropy,0.5,12000,12000,True,9,479789,0.939672942146489,0.11406264003551561,0.08616912851274205,0.027893511522773553,0.9161716761198696,0.0018799419875233441,0.9981200580124766,0.08382832388013041,0.9818713808606824,0.914346065423815,0.019531547409382042,0.07169081663055922,100,kt_count,425201,0.08010813086585979,per_point,two_sided,0.932413092655002,0.08792823512002151,3,1.7471089363098145,1.5564422607421875,3.17748761177063,1.1057510375976562,0.8593775033950806,2.032210350036621,4.023763656616211,3.6053431034088135,7.573490619659424,0.38763880729675293,0.24373234808444977,0.6852729916572571,0.14752471446990967,0.04087565094232559,0.10703786462545395,0.5478812456130981,0.13191592693328857,1.6591154336929321,1.6354472637176514,1.4670356512069702,2.933098077774048,1.0687251091003418,0.8509855270385742,1.9499874114990234,3.600783586502075,3.2623255252838135,6.539621829986572
quad2d,entropy_tiebreak,0.5,12000,12000,True,9,479789,0.9384071995355139,0.12086771476628268,0.09127762412227042,0.029590090644012263,0.9125770479461723,0.0017176596886741813,0.9982823403113258,0.08742295205382769,0.980837734767868,0.9091781191614606,0.02033033291717818,0.07427058943832898,100,kt_count,424687,0.08010813086585979,per_point,two_sided,0.9384071995355139,0.09133181461017238,3,1.778334379196167,1.5594482421875,3.297109365463257,1.1652811765670776,0.8901906609535217,2.1676340103149414,4.015167236328125,3.5384418964385986,7.696127414703369,0.3724134564399719,0.2390502244234085,0.6735640168190002,0.14899255335330963,0.04531599208712578,0.11921296268701553,0.4935305714607239,0.13049396872520447,1.5823098421096802,1.669382095336914,1.4730782508850098,3.0532734394073486,1.1315946578979492,0.8837745785713196,2.087165355682373,3.599416971206665,3.213775157928467,6.714596748352051
quad2d,mode_sep,1.0,12000,12000,True,9,479789,0.9361654866028043,0.13183920431689763,0.1028410405407377,0.028998163776159935,0.9081506222054625,0.0014925710667360184,0.9985074289332639,0.09184937779453752,0.9788336668714995,0.9036192954367546,0.021692077975943594,0.07907857257803086,100,kt_count,423361,0.08010813086585979,per_point,two_sided,0.9210741597012271,0.10617792404577846,3,1.7947962284088135,1.5730743408203125,3.3208422660827637,1.179720163345337,0.9048951864242554,2.198509931564331,4.000622749328613,3.5330214500427246,7.65465784072876,0.3866766095161438,0.2284354865550995,0.7589775323867798,0.18464484810829163,0.050589531660079956,0.14895668625831604,0.5371014475822449,0.13609129190444946,1.8117866516113281,1.6705549955368042,1.4771240949630737,3.0414164066314697,1.1262857913970947,0.8881334066390991,2.06595516204834,3.5820395946502686,3.211644172668457,6.597050189971924
quad2d,fm_disp_gdiv_d10,campaignA,12000,11500,False,19,479789,0.9316235226565865,0.17113772929350193,0.13080958504676013,0.0403281442467418,0.8982284554345821,0.0008427234962167919,0.9991572765037832,0.10177154456541797,0.9833627849935416,0.9010093978544123,0.022424165205955113,0.07792150042519118,100,kt_count,420357,0.08010813086585979,per_point,two_sided,0.9316235226565865,0.13080958504676013,3,1.8392530679702759,1.591651439666748,3.470815658569336,1.2509346008300781,0.9636054039001465,2.3662376403808594,3.944835662841797,3.4241645336151123,7.784972190856934,0.299233078956604,0.22894588112831116,0.2699405252933502,0.11616775393486023,0.0504697784781456,0.09051588922739029,0.304611474275589,0.14517274498939514,0.22143620252609253,1.7117823362350464,1.5000566244125366,3.1674253940582275,1.2083430290222168,0.9561482667922974,2.256314277648926,3.498322010040283,3.1107845306396484,6.579329967498779
quad2d,fm_nonadapt,baseline,12000,12000,True,9,479789,0.9094697716329232,0.12549058023422796,0.09297003474443974,0.03252054548978822,0.8664556282862969,0.001810735717385557,0.9981892642826145,0.13354437171370317,0.9773909668606687,0.8908928800189089,0.023479718376202868,0.08459410842075521,100,kt_count,424085,0.08010813086585979,per_point,two_sided,0.9175434303890384,0.11925242137689693,3,1.7741940021514893,1.5739279985427856,3.237551212310791,1.1531596183776855,0.8919302225112915,2.1269781589508057,4.007564067840576,3.5989866256713867,7.520262718200684,0.44029393792152405,0.2942032814025879,0.7628709673881531,0.1715756207704544,0.05347485840320587,0.14172783493995667,0.5701695680618286,0.14973531663417816,1.7539664506912231,1.654030680656433,1.4727706909179688,2.986344814300537,1.1096526384353638,0.8724868893623352,2.0318615436553955,3.598874568939209,3.2416019439697266,6.554786682128906
quad2d,clf_nonadapt,-,12000,12000,True,9,479789,0.9094645373414749,0.11530485275819162,0.0,0.11530485275819162,0.8651697944593387,0.0008062284153399998,0.99919377158466,0.1348302055406613,0.9880111939482156,0.8716804141349038,0.03716166993643732,0.1211293860013858,1,clip,25180,0.08010813086585979,per_point,one_sided,0.8630981233986567,0.0,3,,,,,,,,,,,,,,,,,,,,,,,,,,,
quad2d,fm_disp_prop_d10,campaignA,12000,11500,False,19,479789,0.8969337114498405,0.14674367273947506,0.10212822719987327,0.044615445539601783,0.8396382943421271,0.0009891047469477437,0.9990108952530523,0.16036170565787292,0.9793452976783102,0.8903474570315243,0.023519408740092004,0.08285917245780418,100,kt_count,422161,0.08010813086585979,per_point,two_sided,0.8891285995685207,0.10192188649593883,3,1.7659049034118652,1.5506556034088135,3.267643690109253,1.163124918937683,0.9172152876853943,2.178708076477051,3.770690441131592,3.345550298690796,7.248216152191162,0.36384063959121704,0.2858853340148926,0.32583698630332947,0.12936748564243317,0.0550534650683403,0.09376703947782516,0.3318798542022705,0.15755468606948853,0.22906504571437836,1.6641292572021484,1.4733623266220093,3.034832000732422,1.134850263595581,0.9100381731987,2.103039503097534,3.413831949234009,3.0816500186920166,6.313997268676758
quad2d,clf_adaptive,-,12000,12000,True,9,479789,0.8653305203938116,0.10741596826938508,0.0,0.10741596826938508,0.7690625,0.00012800697875084153,0.9998719930212492,0.2309375,0.9916387316651373,0.9137877939173706,0.0423531388626859,0.14012331005798426,1,clip,6481,0.08010813086585979,per_point,one_sided,0.8681474997264471,0.0,3,,,,,,,,,,,,,,,,,,,,,,,,,,,
quad2d,fm_disp_greedy_d10,campaignA,12000,11500,False,19,479789,0.8632990545071005,0.14069309634026625,0.10280769254818264,0.037885403792083605,0.78411112631723,0.0011919370737693375,0.9988080629262307,0.21588887368276993,0.9693140659783084,0.8599511652919144,0.02747022211847292,0.09877559664028251,100,kt_count,422242,0.08010813086585979,per_point,two_sided,0.8632990545071005,0.12081144002884601,3,1.7616220712661743,1.5508731603622437,3.2325046062469482,1.165749430656433,0.920191764831543,2.1556003093719482,3.7494943141937256,3.3442816734313965,7.192945957183838,0.3558831810951233,0.29822346568107605,0.3353455662727356,0.09981120377779007,0.054766133427619934,0.09186801314353943,0.3262079060077667,0.1573430895805359,0.21898557245731354,1.6654778718948364,1.4738940000534058,3.01808500289917,1.1395543813705444,0.9140968322753906,2.0982794761657715,3.3996238708496094,3.0808398723602295,6.245916843414307
quad2d,partx,-,12000,4612,False,3,479789,0.6359474641664834,0.021294777495940925,0.0,0.021294777495940925,0.501734906315059,0.0055153356018909725,0.994484664398109,0.49826509368494104,0.9730271408218575,0.7978778021643839,0.03356050717481049,0.11080886428833857,1,clip,0,0.08010813086585979,per_point,one_sided,0.6359474641664834,0.0,3,,,,,,,,,,,,,,,,,,,,,,,,,,,
quad3d,fm_ranked,baseline,29000,29000,True,19,990000,0.968639063382572,0.2682878787878788,0.22743535353535355,0.04085252525252525,0.9548289127353715,0.004283049156145603,0.9957169508438544,0.04517108726462847,0.9726756840238446,0.9383484561485153,0.04833349141414139,0.16695828135381138,100,kt_count,714526,0.2196929292929293,per_point,two_sided,0.968639063382572,0.22743535353535355,3,4.33546781539917,4.024094104766846,6.859601974487305,2.509942054748535,2.1074516773223877,4.3379621505737305,10.448477745056152,9.803503036499023,17.070558547973633,0.2585954964160919,0.13951095938682556,0.6438273787498474,0.047621630132198334,0.04103745520114899,0.06774091720581055,0.6528728604316711,0.0835258737206459,3.0310189723968506,4.354429721832275,4.003399848937988,6.818448543548584,2.3666272163391113,1.9475847482681274,3.7981057167053223,10.388507843017578,9.542222023010254,17.303730010986328
quad3d,entropy,0.5,29000,29000,True,19,990000,0.9676974093961991,0.2696777777777778,0.22923131313131312,0.04044646464646465,0.9523809523809523,0.004210706626138543,0.9957892933738615,0.047619047619047616,0.9748386641754678,0.9420895901231219,0.04908427585858585,0.1672295185765828,100,kt_count,686182,0.2196929292929293,per_point,two_sided,0.9669641223263975,0.23325454545454546,3,4.600645542144775,4.2121758460998535,7.493686199188232,2.7629613876342773,2.28483247756958,4.756594181060791,11.0111722946167,10.232985496520996,18.697498321533203,0.32478317618370056,0.1340206265449524,0.889581024646759,0.05280406400561333,0.04117123782634735,0.07118694484233856,0.9431264400482178,0.08227035403251648,3.7609684467315674,4.61331033706665,4.148010730743408,7.543424129486084,2.6364102363586426,2.081340789794922,4.307285308837891,10.888029098510742,9.827960014343262,19.1934871673584
quad3d,fm_direct,baseline,29000,29000,True,19,990000,0.9651136540008183,0.270079797979798,0.2356868686868687,0.034392929292929295,0.9454046620272147,0.0034433831672203764,0.9965566168327796,0.05459533797278526,0.9698064740148895,0.9337248761938297,0.0515481827272727,0.17943406288192382,100,kt_count,718240,0.2196929292929293,per_point,two_sided,0.9651136540008183,0.23825252525252524,3,4.272650718688965,3.967698812484741,6.759457588195801,2.423677444458008,2.031744956970215,4.146117210388184,10.404922485351562,9.749317169189453,17.122432708740234,0.2307528555393219,0.11808572709560394,0.5960489511489868,0.04888428747653961,0.04178331047296524,0.07160080224275589,0.6069138050079346,0.0816912055015564,2.791564464569092,4.226486682891846,3.88004207611084,6.632320880889893,2.2514185905456543,1.844346046447754,3.5644326210021973,10.142823219299316,9.264254570007324,17.149267196655273
quad3d,entropy_tiebreak,0.5,29000,29000,True,19,990000,0.9643642542982808,0.27552828282828284,0.23928181818181818,0.036246464646464645,0.9416066536067094,0.0027989529197296552,0.9972010470802704,0.05839334639329062,0.973550806367545,0.9402979637528058,0.05296841131313132,0.1811104709142503,100,kt_count,679386,0.2196929292929293,per_point,two_sided,0.9643642542982808,0.2446222222222222,3,4.55285120010376,4.173573970794678,7.375150203704834,2.710812568664551,2.270937919616699,4.645993232727051,10.897072792053223,10.129901885986328,18.370805740356445,0.3202247619628906,0.10417730361223221,0.9464280605316162,0.06748993694782257,0.038154713809490204,0.06815994530916214,0.9145365357398987,0.07700400054454803,3.6149933338165283,4.521735191345215,4.077577590942383,7.33554744720459,2.55879545211792,2.0299887657165527,4.156445503234863,10.697781562805176,9.663548469543457,18.69129753112793
quad3d,entropy,1.0,29000,29000,True,19,990000,0.9637182043381065,0.27811010101010103,0.24204646464646465,0.03606363636363636,0.937871627332662,0.00199614941912916,0.9980038505808708,0.06212837266733796,0.9733318729447235,0.9399083162947733,0.05582133474747475,0.1889777848610356,100,kt_count,674662,0.2196929292929293,per_point,two_sided,0.9637182043381065,0.24204646464646465,3,4.508466720581055,4.155830383300781,7.247122287750244,2.6754751205444336,2.295898199081421,4.597298622131348,10.700419425964355,9.982117652893066,17.90180015563965,0.322024405002594,0.08941647410392761,1.0057289600372314,0.08241534978151321,0.039460740983486176,0.07166772335767746,0.909381091594696,0.07631678134202957,3.6343111991882324,4.474229335784912,4.077409267425537,7.142446041107178,2.519984722137451,2.0696120262145996,4.074946403503418,10.536088943481445,9.569025993347168,18.11421775817871
quad3d,entropy_tiebreak,1.0,29000,29000,True,19,990000,0.9629737662479718,0.27015050505050503,0.23638484848484848,0.03376565656565657,0.9384571651920549,0.002569452560515334,0.9974305474394847,0.06154283480794514,0.973147718811181,0.9394201905254081,0.054757701818181806,0.1862499987929327,100,kt_count,685949,0.2196929292929293,per_point,two_sided,0.9629737662479718,0.23638484848484848,3,4.476857662200928,4.138762474060059,7.1389312744140625,2.612454891204834,2.241004705429077,4.481700897216797,10.711426734924316,9.987577438354492,17.700031280517578,0.31049755215644836,0.09954826533794403,0.9187633991241455,0.06381566822528839,0.03604909032583237,0.06338432431221008,0.8947721719741821,0.07422473281621933,3.6107101440429688,4.448224067687988,4.060060501098633,7.06644344329834,2.4645164012908936,2.024641990661621,3.982529401779175,10.534092903137207,9.571357727050781,17.937965393066406
quad3d,fm_nonadapt,baseline,29000,24000,False,14,990000,0.9627868119373391,0.2904131313131313,0.23771111111111112,0.0527020202020202,0.95098818018709,0.0064298742957778115,0.9935701257042222,0.04901181981291003,0.966673772958332,0.9228046825488523,0.05367676424242424,0.18351558117576375,100,kt_count,651345,0.2196929292929293,per_point,two_sided,0.9627868119373391,0.23771111111111112,3,4.867611885070801,4.4711127281188965,7.894409656524658,3.1709632873535156,2.6755149364471436,5.354556083679199,11.287360191345215,10.613190650939941,18.845932006835938,0.29992958903312683,0.19065476953983307,0.6710200309753418,0.07295282185077667,0.059813037514686584,0.09760157018899918,0.6851492524147034,0.13109610974788666,3.0591604709625244,5.063517093658447,4.548540115356445,8.33765697479248,3.1311025619506836,2.460501194000244,5.200947284698486,11.601879119873047,10.650371551513672,20.105297088623047
quad3d,fm_disp_prop_d05,campaignA,29000,16500,False,29,990000,0.9623179136481229,0.36916666666666664,0.34996161616161614,0.019205050505050506,0.9575089542862272,0.00793492682654724,0.9920650731734527,0.04249104571377287,0.9345413798806145,0.868184199111258,0.07846513515151513,0.29015676221177245,100,kt_count,664401,0.2196929292929293,per_point,two_sided,0.9541400153694989,0.2818030303030303,3,5.229043006896973,4.890058517456055,8.128186225891113,3.59877347946167,3.199441432952881,5.808102607727051,11.567267417907715,11.073704719543457,18.273466110229492,0.3756263256072998,0.29910218715667725,0.6647176146507263,0.18159960210323334,0.15814277529716492,0.22951246798038483,0.6442944407463074,0.24588412046432495,2.4978256225585938,5.424414157867432,4.984152793884277,8.510568618774414,3.4618980884552,2.8904941082000732,5.55492639541626,11.885397911071777,11.142505645751953,19.38292694091797
quad3d,mode_sep,0.5,29000,29000,True,19,990000,0.9623061385189496,0.26992828282828285,0.20866565656565655,0.06126262626262626,0.9466714267430973,0.0053855556368119185,0.9946144443631881,0.05332857325690267,0.9689662530079836,0.928671558834252,0.04959055999999998,0.17180448355363834,100,kt_count,684050,0.2196929292929293,per_point,two_sided,0.9608940527627237,0.21742929292929292,3,4.610170364379883,4.211436748504639,7.542758464813232,2.8447554111480713,2.294238567352295,4.810767650604248,11.073037147521973,10.335660934448242,18.867328643798828,0.2201421707868576,0.16249895095825195,0.39181408286094666,0.05596800148487091,0.04848753660917282,0.08366499841213226,0.3754459321498871,0.09898746758699417,0.2533419728279114,4.7919206619262695,4.273411750793457,7.999200344085693,2.823535680770874,2.160397529602051,4.624518394470215,11.379840850830078,10.304547309875488,20.323495864868164
quad3d,mode_sep,1.0,29000,29000,True,19,990000,0.9610833434219401,0.27943939393939393,0.21386666666666668,0.06557272727272727,0.9463885501747311,0.0059676149661641,0.994032385033836,0.05361144982526891,0.9677252176615218,0.925466527352322,0.05066164494949493,0.17489963766333966,100,kt_count,672807,0.2196929292929293,per_point,two_sided,0.9617815925303022,0.22526464646464647,3,4.599201202392578,4.2216410636901855,7.45456600189209,2.856640338897705,2.35896635055542,4.79166841506958,10.95199966430664,10.251452445983887,18.42045021057129,0.24708768725395203,0.18777258694171906,0.421298623085022,0.06440513581037521,0.05630375072360039,0.09242799878120422,0.40271350741386414,0.10992614179849625,0.3053829073905945,4.768150329589844,4.281703472137451,7.859352111816406,2.805354595184326,2.2010769844055176,4.542207717895508,11.254379272460938,10.186620712280273,19.797876358032227
quad3d,fm_disp_greedy_d05,campaignA,29000,16500,False,29,990000,0.9533807703060827,0.32111212121212124,0.24948484848484848,0.07162727272727273,0.9326491933619933,0.005710850616170725,0.9942891493838293,0.06735080663800674,0.9466825715520188,0.8867231079332915,0.06502926767676767,0.23075071757377677,100,kt_count,628156,0.2196929292929293,per_point,two_sided,0.9510383495496073,0.2738050505050505,3,5.180299282073975,4.869986057281494,8.013571739196777,3.5425357818603516,3.1826605796813965,5.6969475746154785,11.623720169067383,11.203174591064453,18.17426300048828,0.27319997549057007,0.21949638426303864,0.4339422285556793,0.10055793821811676,0.08447393774986267,0.13481903076171875,0.39890459179878235,0.16611041128635406,0.36921966075897217,5.596639633178711,5.195585250854492,8.70969009399414,3.62154483795166,3.069007396697998,5.7967119216918945,12.41659164428711,11.858109474182129,19.708106994628906
quad3d,clf_adaptive,-,29000,24000,False,14,990000,0.9529108054620262,0.27936666666666665,0.0,0.27936666666666665,0.9296454744987166,0.0049963559242999405,0.9950036440757001,0.07035452550128343,0.9591327305792241,0.9036637137089,0.06870860417588101,0.24872173916769935,1,clip,0,0.2196929292929293,per_point,one_sided,0.9514001582676619,0.0,3,,,,,,,,,,,,,,,,,,,,,,,,,,,
quad3d,fm_disp_gdiv_d05,campaignA,29000,16500,False,29,990000,0.9522769869204188,0.32714040404040406,0.2627373737373737,0.06440303030303031,0.9290222549372759,0.005250460134948154,0.9947495398650519,0.07097774506272415,0.9416428929258703,0.8799858508256494,0.06767306565656564,0.2449817228714446,100,kt_count,649236,0.2196929292929293,per_point,two_sided,0.9511964213864761,0.2930969696969697,3,5.163191795349121,4.848811626434326,7.968675136566162,3.501451253890991,3.123840808868408,5.5679121017456055,11.704236030578613,11.240036010742188,18.297605514526367,0.27498552203178406,0.22895987331867218,0.41404446959495544,0.11979112774133682,0.1073179617524147,0.15420424938201904,0.37469562888145447,0.1802961528301239,0.3260508179664612,5.524117469787598,5.110153675079346,8.624201774597168,3.5351786613464355,2.966611862182617,5.589358329772949,12.399113655090332,11.785196304321289,19.891258239746094
quad3d,fm_disp_greedy_d10,campaignA,29000,16500,False,29,990000,0.9508394137693128,0.3467929292929293,0.28944848484848484,0.05734444444444445,0.9285113472107666,0.005728489075239116,0.9942715109247608,0.07148865278923341,0.9323385487333742,0.8639686689917109,0.07335987939393943,0.26993620143370456,100,kt_count,661757,0.2196929292929293,per_point,two_sided,0.9508394137693128,0.3771939393939394,3,5.110486030578613,4.854124069213867,7.71600341796875,3.400590419769287,3.1198973655700684,5.343523025512695,11.633698463439941,11.283751487731934,17.74563980102539,0.2609439790248871,0.21934817731380463,0.38584432005882263,0.10860821604728699,0.09554930776357651,0.14342233538627625,0.34666907787323,0.18315285444259644,0.31687137484550476,5.452982425689697,5.124114036560059,8.284302711486816,3.3777174949645996,2.940138339996338,5.251158714294434,12.393722534179688,11.898683547973633,19.29299545288086
quad3d,fm_disp_prop_d10,campaignA,29000,16500,False,29,990000,0.9496972845893351,0.30212626262626263,0.24952020202020203,0.05260606060606061,0.9360417816776593,0.008759514629618584,0.9912404853703815,0.0639582183223407,0.947329194402225,0.8889506513510396,0.06525535474747478,0.23261929142662408,100,kt_count,644933,0.2196929292929293,per_point,two_sided,0.9514777861445783,0.271820202020202,3,5.030832767486572,4.743412494659424,7.723815441131592,3.334733486175537,3.0024161338806152,5.365978240966797,11.432121276855469,11.02108383178711,17.77378273010254,0.3605513870716095,0.277249276638031,0.6609389185905457,0.11035560816526413,0.09239897131919861,0.14491476118564606,0.6434118151664734,0.1931023895740509,2.746943235397339,5.421534061431885,5.058285713195801,8.348945617675781,3.425495147705078,2.927163600921631,5.447812557220459,12.152961730957031,11.640874862670898,19.222232818603516
quad3d,fm_disp_gdiv_d10,campaignA,29000,16500,False,29,990000,0.9401516198035054,0.324,0.2594626262626263,0.06453737373737374,0.9140822140822141,0.006848588004904921,0.993151411995095,0.08591778591778591,0.92809040014009,0.8548519651119766,0.07666469404040403,0.2823107271893374,100,kt_count,657638,0.2196929292929293,per_point,two_sided,0.9401516198035054,0.2605222222222222,3,5.222609519958496,4.939853668212891,7.939679145812988,3.57647967338562,3.253368377685547,5.608299255371094,11.674410820007324,11.300385475158691,17.962162017822266,0.29589807987213135,0.25624004006385803,0.420040488243103,0.11628222465515137,0.10287202149629593,0.15507566928863525,0.36733266711235046,0.19158023595809937,0.3237870931625366,5.741676330566406,5.370875835418701,8.82912826538086,3.7403669357299805,3.2250683307647705,5.868112564086914,12.694080352783203,12.21059513092041,19.978452682495117
quad3d,clf_nonadapt,-,29000,24000,False,14,990000,0.9369203636087328,0.2793282828282828,0.0,0.2793282828282828,0.897024926293219,0.003990529783145759,0.9960094702168543,0.10297507370678102,0.9501398134052776,0.8869850874925547,0.06893128967851626,0.24724486365143697,1,clip,0,0.2196929292929293,per_point,one_sided,0.9369203636087328,0.0,3,,,,,,,,,,,,,,,,,,,,,,,,,,,
quad3d,partx,-,29000,23000,False,13,990000,0.7417308454782474,0.0608989898989899,0.0,0.0608989898989899,0.6485518284675751,0.025801669615274327,0.9741983303847257,0.35144817153242497,0.9211754744472987,0.8217135210768739,0.08340711152578217,0.2714329451995587,1,clip,0,0.2196929292929293,per_point,one_sided,0.7496513461995213,0.0,3,,,,,,,,,,,,,,,,,,,,,,,,,,,
