level,arm,train_size,n_eval,binary_outcomes,truth,KL,sAUROC,brier_debiased,skill_score,brier_raw,f1,accuracy,precision,recall,auc,brier,log_score,n_invalid,K,M
deterministic,fm,1000,115242,True,exact,0.08630517742747665,0.9887173622236526,0.022832637301320596,0.8453098962735699,0.023004490550320198,0.8186075554167966,0.9486857909983749,0.9931065828346337,0.6962663975782039,0.9887173622236526,0.023004490550320198,0.08630517745003356,0,100,1.0
deterministic,fm,2000,115242,True,exact,0.03706666419180295,0.997181653379181,0.010194541867890126,0.9309324315813422,0.010281703719130179,0.9643923730760394,0.9878005054700959,0.9885400313971743,0.9413963223202272,0.997181653379181,0.010281703719130179,0.037066664213949094,0,100,1.0
deterministic,fm,4000,115242,True,exact,0.02682602983560501,0.9977422511312074,0.007051236405638446,0.9522281864949212,0.007106613908123775,0.9837412631209761,0.9943146976890866,0.9903656998738966,0.9772048576547879,0.9977422511312074,0.007106613908123775,0.026826029857611452,0,100,1.0
deterministic,fm,6000,115242,True,exact,0.020879817177889334,0.9986440713628841,0.0055224149304432535,0.9625858840949029,0.005560733066069662,0.9861401934390268,0.9951411767790197,0.9945195836894766,0.9779008256291096,0.9986440713628841,0.005560733066069662,0.02087981719981506,0,100,1.0
deterministic,fm,8000,115242,True,exact,0.01776395370522826,0.9991609875545331,0.0048638043894981475,0.9670479412611255,0.0048992346540323835,0.9896207485942184,0.9963357790623443,0.9933857171275114,0.9858842110458517,0.9991609875545331,0.0048992346540323835,0.017763953727132808,0,100,1.0
deterministic,fm_outcome,1000,115242,True,exact,0.061312866636012896,0.9962554731945551,0.01563292986327441,0.8940875944296607,0.01563292986327441,0.986054051032671,0.9951930487053021,0.9821289388709498,0.9900106627756888,0.9962554731945551,0.01563292986327441,0.0613128666583615,0,1,1.0
deterministic,fm_outcome,2000,115242,True,exact,0.038742845877623694,0.9984876921164278,0.010750235968221574,0.9271676287297914,0.010750235968221574,0.9852186089933094,0.9949180196324926,0.985065339141257,0.9853719265483971,0.9984876921164278,0.010750235968221574,0.03874284589977603,0,1,1.0
deterministic,fm_outcome,4000,115242,True,exact,0.03127614842357565,0.9985994713049509,0.008480003321791498,0.9425483540890597,0.008480003321791498,0.9869394098919556,0.9953761226880613,0.9837581209395302,0.990141340978824,0.9985994713049509,0.008480003321791498,0.031276148445664065,0,1,1.0
deterministic,fm_outcome,6000,115242,True,exact,0.027197839772094227,0.9990490027817197,0.007102493132243211,0.9518809244484686,0.007102493132243211,0.9883212798037362,0.9959717937417365,0.994701646090535,0.9820222436646183,0.9990490027817197,0.007102493132243211,0.027197839794063556,0,1,1.0
deterministic,fm_outcome,8000,115242,True,exact,0.021647480375802986,0.9995837808303079,0.005727427091239244,0.9611969358100336,0.005727427091239244,0.9921350566075544,0.9972363290704737,0.9930304853590052,0.9912412412412412,0.9995837808303079,0.005727427091239244,0.02164748039774799,0,1,1.0
deterministic,mlp,1000,115242,True,exact,0.10650665422460616,0.9961366727668712,0.02843362377387396,0.8073634616600135,0.02843362377387396,0.9824643169239732,0.9943379012612749,0.9801232128327327,0.9848166316281243,0.9961366727668712,0.02843362377387396,0.10650665424705268,0,1,1.0
deterministic,mlp,2000,115242,True,exact,0.12648376206176967,0.9979127481008562,0.02610631659343438,0.8231308644525346,0.02610631659343438,0.974590882111868,0.9919111031131905,0.9883627608346709,0.9611975246696772,0.9979127481008562,0.02610631659343438,0.12648376208395848,0,1,1.0
deterministic,mlp,4000,115242,True,exact,0.05284091420264544,0.998747019099207,0.01388060850489405,0.9059594938126644,0.01388060850489405,0.9876627288681666,0.9957858759741247,0.9882063109340602,0.9871197444892402,0.998747019099207,0.01388060850489405,0.05284091422473856,0,1,1.0
deterministic,mlp,6000,115242,True,exact,0.06310535019025154,0.9991498921244644,0.01407367532005711,0.9046514747139693,0.01407367532005711,0.9840966592657614,0.9945575346338705,0.9925011716919231,0.9758332906661206,0.9991498921244644,0.01407367532005711,0.06310535021224521,0,1,1.0
deterministic,mlp,8000,115242,True,exact,0.04300456244953775,0.9995135062022628,0.011975356696115581,0.9188674902055237,0.011975356696115581,0.9931581402581247,0.9976555631532675,0.9949114699620957,0.9914109794587882,0.9995135062022628,0.011975356696115581,0.04300456247156941,0,1,1.0
sigma_015.0,fm,1000,130859,True,mc,0.4826501436314308,0.9517906790429173,0.13614289922900752,0.22391681842430333,0.13677298043977426,0.0007378712414683638,0.8126545504850508,1.0,0.0003690717844620779,0.9635653303313121,0.16346146997913782,0.5559817220425832,0,100,95.0
sigma_015.0,fm,2000,130859,True,mc,0.2986038577130022,0.9683825648363471,0.0891187922830176,0.491977941964883,0.08978549414979,0.6464732650739476,0.8632928496237058,1.0,0.477621349022904,0.9803704509260724,0.11091596603978328,0.371935436124155,0,100,95.0
sigma_015.0,fm,4000,130859,True,mc,0.07175807503243276,0.9821299071828319,0.01939440314368565,0.8894421216108035,0.019927464514839396,0.9475139729855612,0.9722038079087335,0.9915615670505088,0.9072133340765929,0.9943094927128249,0.0285002980307048,0.14508965344359287,0,100,95.0
sigma_015.0,fm,6000,130859,True,mc,0.07916067138218444,0.9812219248875973,0.021649737369831373,0.876585579171528,0.022217580915738555,0.9408144636494803,0.968955611157446,0.9915280536246276,0.8950361364782341,0.993259608575638,0.03166619032699318,0.15249224979335588,0,100,95.0
sigma_015.0,fm,8000,130859,True,mc,0.055273709000190616,0.9843094423245299,0.015825101961397248,0.9097889383250024,0.016352375377113412,0.9572743113056752,0.9771066581276379,0.987316203772464,0.9290066521325955,0.9966039552500489,0.0241406682001238,0.12860528741135707,0,100,95.0
sigma_015.0,fm_outcome,1000,130859,True,mc,0.0864681520447347,0.9800786843686734,0.02469697467746384,0.8592147898162528,0.024903831793455438,0.7635051313860381,0.9783428176025282,0.9766301211771494,0.6267357896685799,0.9921470190429118,0.03304786414929667,0.1597997304561915,0,1,95.0
sigma_015.0,fm_outcome,2000,130859,True,mc,0.04256343934372192,0.9853457787977253,0.011833773995662303,0.9325415205301831,0.012040631111653908,0.7747408105560791,0.9973704188625686,1.0,0.6323076923076923,0.9975962176670508,0.017658197357803645,0.1158950177552447,0,1,95.0
sigma_015.0,fm_outcome,4000,130859,True,mc,0.034076833784944686,0.9858194278202724,0.00889223750585293,0.9493097619196383,0.009099094621844536,0.9753712986891677,0.9874667258207631,0.996913089138529,0.9547407881503155,0.9984654769548625,0.014589935572710953,0.1074084121962593,0,1,95.0
sigma_015.0,fm_outcome,6000,130859,True,mc,0.032790788164068205,0.986230116610433,0.00878908404021208,0.9498977886934067,0.008995941156203686,0.9842577307306114,0.9924693277755615,0.9959359393835027,0.9728502220427937,0.9984956447217183,0.014602614110282092,0.10612236657551455,0,1,95.0
sigma_015.0,fm_outcome,8000,130859,True,mc,0.03005911410288018,0.9859790454358627,0.007811742630935867,0.955469127593138,0.008018599746927473,0.9868763871465791,0.9934388794635319,0.995005675368899,0.9788788565229876,0.9984900709440486,0.013181324091384611,0.10339069251420901,0,1,95.0
sigma_015.0,mlp,1000,130859,True,mc,0.14659974205839435,0.9772949319137428,0.03411886548744471,0.8055052608016775,0.03432572260343631,0.9301804097441647,0.9806751927778823,0.963674762407603,0.898936170212766,0.9896097805654819,0.044183972389055415,0.21993132046964478,0,1,95.0
sigma_015.0,mlp,2000,130859,True,mc,0.12919684951599103,0.9824044496763841,0.04107804400291297,0.7658344337954675,0.041284901118904566,0.5150669642857143,0.9816121626339678,0.9726027397260274,0.35028462998102466,0.994328469353279,0.05536039386364969,0.20252842792722642,0,1,95.0
sigma_015.0,mlp,4000,130859,True,mc,0.08708470254959051,0.9839685022426747,0.025152923955208194,0.8566156490008823,0.025359781071199808,0.9783152233736417,0.9889600512368906,0.9879001524390244,0.9689144992991746,0.9964173353398836,0.03606645792073413,0.1604162809607828,0,1,95.0
sigma_015.0,mlp,6000,130859,True,mc,0.08054912689282392,0.9841871416058139,0.025887861724546143,0.8524261330913634,0.02609471884053774,0.9694844144350847,0.9849562098051255,0.9861963190184049,0.9533294656094888,0.9959204366603007,0.038030544360924456,0.1538807053041367,0,1,95.0
sigma_015.0,mlp,8000,130859,True,mc,0.08953063867713675,0.9862640550337562,0.02833379039310565,0.8384831062148033,0.028540647509097256,0.991077022061936,0.9956615159173795,0.9963912436591428,0.9858191862031798,0.9981704555596097,0.04130175442211392,0.16286221708837936,0,1,95.0
sigma_020.0,fm,1000,130859,True,mc,0.39256198650330126,0.9323432714300194,0.11115366470523334,0.19822279644894802,0.11200562814866243,0.7516643044281235,0.9060822389526432,0.9985735478717335,0.6026515151515152,0.9616272093553095,0.1766838069983723,0.5262548662648454,0,100,95.0
sigma_020.0,fm,2000,130859,True,mc,0.17297892018190034,0.9566825111140291,0.05222649673620634,0.6232781472795458,0.05317802849439413,0.09367276322293623,0.8662752534461381,1.0,0.04913781926617399,0.9865464889469927,0.09543779717100084,0.3066717999434557,0,100,95.0
sigma_020.0,fm,4000,130859,True,mc,0.14399428599527983,0.959338992126124,0.04359339400889936,0.6855507226464941,0.044564742076429596,0.08783977110157368,0.9365578451955702,1.0,0.045937453239563074,0.9890198280962216,0.08324244874253967,0.27768716575683433,0,100,95.0
sigma_020.0,fm,6000,130859,True,mc,0.059214485601576716,0.9656471089086827,0.018051329832369248,0.8697915647517713,0.019040888479086377,0.20264079762867152,0.9695184135977337,1.0,0.11274362818590705,0.9956119708265818,0.04496920196547429,0.19290736536313546,0,100,95.0
sigma_020.0,fm,8000,130859,True,mc,0.0820976207010019,0.9646614750458531,0.02606624466867038,0.8119781222423333,0.027065788401501867,0.0664995381976514,0.9302027326986633,1.0,0.03439333970247031,0.994551691470607,0.058063775514102973,0.21579050046256332,0,100,95.0
sigma_020.0,fm_outcome,1000,130859,True,mc,0.09912147894774351,0.9503778304067819,0.032445642126465765,0.7659620465005583,0.03288567451541188,0.948397976391231,0.9980008362515026,0.9811584089323099,0.9177545691906005,0.9792559726061628,0.0587623007965086,0.23281435870994435,0,1,95.0
sigma_020.0,fm_outcome,2000,130859,True,mc,0.0406154913334023,0.9666614434820726,0.010922202425212779,0.9212156167740522,0.0113622348141589,0.9326480930484176,0.9972852158744003,0.9948066935949221,0.8778004073319755,0.9962724162781883,0.025094850064829085,0.17430837109520705,0,1,95.0
sigma_020.0,fm_outcome,4000,130859,True,mc,0.02983809593698526,0.9672524944674931,0.008308600001828169,0.9400681381710988,0.008748632390774292,0.8653624856156501,0.9986995954296892,0.9920844327176781,0.7673469387755102,0.9972028343521127,0.0229214669893318,0.16353097569883782,0,1,95.0
sigma_020.0,fm_outcome,6000,130859,True,mc,0.03128700714854372,0.9672602714074552,0.008302438303536502,0.9401125839321857,0.008742470692482626,0.773972602739726,0.9978294709609524,1.0,0.6312849162011173,0.997018984200523,0.023391699466290994,0.164979886910294,0,1,95.0
sigma_020.0,fm_outcome,8000,130859,True,mc,0.026958414733116182,0.96830244649512,0.0074287915686343095,0.946414400771594,0.00786882395758043,0.38164251207729466,0.9971971621266532,1.0,0.23582089552238805,0.9981612644572271,0.022062167269178524,0.16065129449480303,0,1,95.0
sigma_020.0,mlp,1000,130859,True,mc,0.1408716004653355,0.9445115907989505,0.04601350395986298,0.6680939073996431,0.046453536348809096,0.13904982618771725,0.9908803024351924,0.9090909090909091,0.07528230865746549,0.9724156841022136,0.08381370593287932,0.2745644802273783,0,1,95.0
sigma_020.0,mlp,2000,130859,True,mc,0.09318860302056146,0.9603108186452212,0.03307685757810811,0.7614089428219877,0.033516889967054236,0.9587556798322266,0.9972431516850652,0.9524305555555556,0.9651653764954258,0.9888718494509404,0.06795900745246465,0.22688148278243986,0,1,95.0
sigma_020.0,mlp,4000,130859,True,mc,0.06234092148732341,0.967531370576909,0.01994209356275594,0.8561530467564774,0.02038212595170207,0.9122077922077921,0.9981490811118656,0.9854096520763187,0.8491295938104448,0.9966355269576143,0.04824924146091102,0.19603380124892103,0,1,95.0
sigma_020.0,mlp,6000,130859,True,mc,0.05765234215135216,0.9660871706468004,0.019135369232743085,0.8619721367439247,0.019575401621689206,0.6549491211840889,0.995935668054133,1.0,0.48693259972489683,0.995113807064388,0.04797630090867058,0.1913452219129712,0,1,95.0
sigma_020.0,mlp,8000,130859,True,mc,0.047682380406056324,0.9675926120440786,0.015972729962226626,0.8847849884558309,0.016412762351172745,0.8457711442786069,0.9982951295701527,0.9976525821596244,0.7340241796200345,0.9969052713529778,0.042868765164463356,0.18137526016766936,0,1,95.0
sigma_030.0,fm,1000,130859,True,mc,0.34317629145803413,0.8678260409344456,0.06684297713725026,-0.05057958200014645,0.06777765909847056,0.0,0.7839527803085166,0.0,0.0,0.9261148255911327,0.19350523693441032,0.5410378732239197,0,100,95.0
sigma_030.0,fm,2000,130859,True,mc,0.20305959277320143,0.8983474274745982,0.04529248114438581,0.28813230729214345,0.04639735977267955,0.0,0.9071023619139074,0.0,0.0,0.9569962397686372,0.15442909543860184,0.40092117453909,0,100,95.0
sigma_030.0,fm,4000,130859,True,mc,0.08359500349931233,0.9168103085823823,0.01924302753177685,0.6975548862935779,0.02054230513572802,0.9134428054550514,0.993527777488736,0.9318568994889267,0.8957423580786026,0.9731055301334427,0.09910285345295318,0.28145658526520406,0,100,95.0
sigma_030.0,fm,6000,130859,True,mc,0.06686415756310114,0.9207183022118903,0.01687544811454053,0.7347664334304593,0.01820154595781012,0.0,0.9946564230224473,0.0,0.0,0.9745955815870507,0.09715153715067361,0.2647257393289918,0,100,95.0
sigma_030.0,fm,8000,130859,True,mc,0.05773489402480058,0.9222518004171183,0.014932364621729546,0.76530612407705,0.01627225887058365,0.0,0.9965165785059992,0.0,0.0,0.9758910929098573,0.09229384299131124,0.2555964757906891,0,100,95.0
sigma_030.0,fm_outcome,1000,130859,True,mc,0.0762166510665806,0.9157579367623288,0.01965053431743235,0.6911500502603607,0.02039471759941264,0.697020421827921,0.9895356366495537,0.9091703056768559,0.5651465798045603,0.9646352487616298,0.08469818490337142,0.2740782328328656,0,1,95.0
sigma_030.0,fm_outcome,2000,130859,True,mc,0.037791804163808645,0.9238804347623529,0.01124459545371907,0.823267261611159,0.011988778735699358,0.5690376569037656,0.9988065719648692,0.7391304347826086,0.46258503401360546,0.974580772003421,0.06690686512112375,0.2356533859301484,0,1,95.0
sigma_030.0,fm_outcome,4000,130859,True,mc,0.041640701950870565,0.9236438430948722,0.01242233868184185,0.8047565213464918,0.013166521963822139,0.829050279329609,0.9982544010770231,0.837471783295711,0.8207964601769911,0.9735551648173859,0.07153735566269423,0.2395022837171299,0,1,95.0
sigma_030.0,fm_outcome,6000,130859,True,mc,0.02794383563111145,0.9260743740969873,0.008246848428898576,0.8703832332683075,0.008991031710878863,0.11594202898550725,0.9993172762680754,0.8,0.0625,0.9764395337011545,0.06483261766686303,0.22580541739745744,0,1,95.0
sigma_030.0,fm_outcome,8000,130859,True,mc,0.02309186976444682,0.9274790202522307,0.005720852830094724,0.9100846277001642,0.006465036112075009,0.08196721311475409,0.9987345776652958,1.0,0.042735042735042736,0.9786031126459281,0.0677214897073779,0.22095345153112914,0,1,95.0
sigma_030.0,mlp,1000,130859,True,mc,0.11339785836558243,0.9163575813159446,0.02514711387292052,0.6047596095716072,0.0258912971549008,0.2947103274559194,0.9820111145613603,0.8258823529411765,0.17935615738375063,0.9635411243342521,0.07049602454964979,0.31125944013162976,0,1,95.0
sigma_030.0,mlp,2000,130859,True,mc,0.04466711846074626,0.9249220089250118,0.012674216340450642,0.8007977281175029,0.01341839962243093,0.26181818181818184,0.9977474478473147,0.9230769230769231,0.15254237288135594,0.9756147427366181,0.05941413608535627,0.24252870022680392,0,1,95.0
sigma_030.0,mlp,4000,130859,True,mc,0.03612253849719698,0.9264188368753207,0.008987767157859665,0.8587381192727155,0.00973195043983995,0.7457627118644068,0.9973162167602263,0.9072164948453608,0.6330935251798561,0.9776856532944916,0.0574855982275703,0.23398412026320012,0,1,95.0
sigma_030.0,mlp,6000,130859,True,mc,0.026003892211326277,0.9263416334128729,0.006913481514346813,0.8913399308263217,0.007657664796327099,0.132890365448505,0.9971328133582336,1.0,0.0711743772241993,0.9775651248774384,0.06021123059022728,0.223865473977397,0,1,95.0
sigma_030.0,mlp,8000,130859,True,mc,0.03660959179185627,0.9249457595403443,0.010546858053279765,0.8342336891686009,0.01129104133526005,0.7856287425149701,0.998039451922761,0.9618768328445748,0.6639676113360324,0.9733316628193094,0.05578916965533398,0.23447117355784852,0,1,95.0
sigma_040.0,fm,1000,130859,True,mc,0.29233634341631587,0.7688454171852767,0.030257637889887935,-0.2521142119704167,0.030987051394621337,0.05479452054794521,0.9987013353660258,0.038461538461538464,0.09523809523809523,0.8604268927227199,0.00246597941295593,0.4769926944229618,0,100,95.0
sigma_040.0,fm,2000,130859,True,mc,0.1724625291153238,0.8430506657230652,0.022809194355944588,0.056115466758948185,0.0236495450549331,0.0,0.997997935856348,0.0,0.0,0.9124387085178598,0.004328091304381051,0.3571188801219708,0,100,95.0
sigma_040.0,fm,4000,130859,True,mc,0.16470647757542642,0.8447089683421077,0.02172803483705639,0.10085574701259714,0.022587829974700095,0.055017192872772736,0.9756103464411922,0.02952029520295203,0.4036697247706422,0.8982239450537773,0.004919005952972282,0.34936282858207746,0,100,95.0
sigma_040.0,fm,6000,130859,True,mc,0.10593536490786115,0.8715268552930755,0.01577923812825725,0.34702740556428957,0.016736359187138873,0.03779452218634135,0.9220838337271917,0.0192753446382823,0.9634146341463414,0.9105091987944073,0.008240204342078115,0.2905917159145116,0,100,95.0
sigma_040.0,fm,8000,130859,True,mc,0.10236937247790714,0.8760005295644615,0.016353113872029403,0.32327941911216973,0.017297376368749773,0.07352941176470587,0.9935744446484304,0.03881987577639751,0.6944444444444444,0.9220724174980197,0.007044132233931177,0.2870257234845539,0,100,95.0
sigma_040.0,fm_outcome,1000,130859,True,mc,0.031834132624985474,0.8880889737701092,0.007218989457741529,0.7012655340447576,0.007897738174922342,0.0,1.0,0.0,0.0,0.913613058626367,0.03990630323646585,0.21649048363237727,0,1,95.0
sigma_040.0,fm_outcome,2000,130859,True,mc,0.024069980882169027,0.8945804581370124,0.005898474191594226,0.7559107756159613,0.006577222908775041,0.0,1.0,0.0,0.0,0.9117348081777351,0.03681487456270518,0.20872633188920448,0,1,95.0
sigma_040.0,fm_outcome,4000,130859,True,mc,0.03196040561976711,0.893809887912516,0.00876259149393573,0.6373885700140934,0.009441340211116546,0.0,0.9984683478659382,0.0,0.0,0.912122391436429,0.04509517326283427,0.21661675662670954,0,1,95.0
sigma_040.0,fm_outcome,6000,130859,True,mc,0.02595386203048253,0.8965599327652181,0.006960276126524414,0.7119715461935585,0.007639024843705228,0.1492537313432836,0.9993402090495538,0.08064516129032258,1.0,0.9099888235447003,0.04080238109185057,0.21061021303730765,0,1,95.0
sigma_040.0,fm_outcome,8000,130859,True,mc,0.02350152171669834,0.8955309769762527,0.005891324623222196,0.7562066373154321,0.00657007334040301,0.14285714285714285,0.9998621228485419,0.08333333333333333,0.5,0.9127520520963587,0.0376414651676955,0.20815787272356262,0,1,95.0
sigma_040.0,mlp,1000,130859,True,mc,0.08607339146929142,0.8842020131421638,0.031763870983594844,-0.3144447835118549,0.03244261970077565,0.011587485515643104,0.9898830561947007,0.005841121495327103,0.7142857142857143,0.902277955320512,0.11000162254221542,0.27072974247656084,0,1,95.0
sigma_040.0,mlp,2000,130859,True,mc,0.07724209555166407,0.8962910996942357,0.028399094682292854,-0.1752044289840653,0.029077843399473672,0.0146163215590743,0.9908047283473517,0.007361963190184049,1.0,0.9163367138920931,0.1065563309750877,0.2618984465584581,0,1,95.0
sigma_040.0,mlp,4000,130859,True,mc,0.07984750366221205,0.894228192335837,0.028546062428682652,-0.18128621252003096,0.02922481114586347,0.005312084993359893,0.9917742927429274,0.0026666666666666666,0.6666666666666666,0.894296400436427,0.10817600080404388,0.2645038546689607,0,1,95.0
sigma_040.0,mlp,6000,130859,True,mc,0.09361993089129039,0.8947135340915203,0.03559007604864617,-0.47277987091354046,0.036268824765826976,0.07407407407407407,0.994962554992108,0.038461538461538464,1.0,0.9090150931093095,0.12613060605748402,0.27827628189805187,0,1,95.0
sigma_040.0,mlp,8000,130859,True,mc,0.05590604840408922,0.8969202486330682,0.02190281208099218,0.09362315761294149,0.022581560798172993,0.125,0.9998379085572704,0.06666666666666667,1.0,0.9252566598022393,0.10049740535093887,0.24056239941095603,0,1,95.0
