system,arm,d2_ratio,train_traj,epoch,n_total,num_mc_samples,base_rate,auc,auprc,brier,log_score,log_score_excess_over_K_floor,log_score_smoothing,n_saturated,f1,sep_pct,tf_source,tf_validated,insight
pendulum,clf_adaptive,-,500,9,48770,1,0.3863030551568587,0.9999592423013925,0.9999316718364203,0.0019441526944411053,0.0066631487590911465,0.006663,clip,34027,0.9986395283698348,0.003506253844576584,per_point,one_sided,F1 and AUC agree (rank 2/18 vs 1/18)
pendulum,partx,-,500,9,48770,1,0.3863030551568587,0.9998790294835154,0.9998086256415112,0.006443634663351291,0.025995563949508745,0.025996,clip,4904,0.9976612274523509,0.01168751281525528,per_point,one_sided,F1 and AUC agree (rank 3/18 vs 2/18)
pendulum,entropy_tiebreak,0.5,500,8,48770,100,0.3863030551568587,0.997963803368511,0.9974035730831349,0.018611720319868772,0.07478441729841452,0.069822,kt_count,33545,0.9987699173270018,0.052511790034857495,per_point,one_sided,F1 and AUC agree (rank 1/18 vs 3/18)
pendulum,clf_nonadapt,-,500,9,48770,1,0.3863030551568587,0.9969706588905607,0.9923626058724397,0.017077552429948514,0.14761344728262638,0.147613,clip,14984,0.9780684265092909,0.005372155013327866,per_point,one_sided,"under-rated by F1: rank 13/18 on F1 vs 4/18 on AUC - a threshold problem, retunable"
pendulum,fm_nonadapt,baseline,500,9,48770,20,0.3863030551568587,0.9968255760255884,0.9940515086653221,0.020983955300389583,0.08473845413134032,0.060641,kt_count,43005,0.993234100135318,0.08006971498872258,mc_cache_K20,one_sided,F1 and AUC agree (rank 4/18 vs 5/18)
pendulum,fm_direct,baseline,500,8,48770,20,0.3863030551568587,0.9956582663156708,0.9947586043784457,0.01061728521632151,0.05931794317916299,0.035220,kt_count,45534,0.9740958648188942,0.059462784498667216,mc_cache_K20,one_sided,"under-rated by F1: rank 14/18 on F1 vs 6/18 on AUC - a threshold problem, retunable"
pendulum,fm_disp_prop_d05,campaignA,500,4,48770,100,0.3863030551568587,0.9949304933379585,0.9937825023354733,0.03429591347139635,0.1318714068913987,0.126909,kt_count,30021,0.9919181523746103,0.060282960836579864,per_point,one_sided,F1 and AUC agree (rank 5/18 vs 7/18)
pendulum,fm_ranked,baseline,500,8,48770,20,0.3863030551568587,0.9940955701307297,0.9929494421816517,0.013194945663317612,0.07148477580488141,0.047387,kt_count,42694,0.972698523225114,0.11843346319458684,mc_cache_K20,one_sided,"under-rated by F1: rank 15/18 on F1 vs 8/18 on AUC - a threshold problem, retunable"
pendulum,fm_disp_greedy_d05,campaignA,500,4,48770,100,0.3863030551568587,0.992998986311301,0.9913528636181287,0.038856901783883534,0.15274486227561881,0.147782,kt_count,29616,0.9916969063288026,0.10652040188640557,per_point,one_sided,"F1 flatters it: rank 6/18 on F1 vs 9/18 on AUC, abstains on 10.7%"
pendulum,entropy,0.5,500,8,48770,100,0.3863030551568587,0.9916248706287778,0.9884055388427397,0.027008607750666394,0.10588937985513935,0.100927,kt_count,34755,0.9904235943834087,0.05706376871027271,per_point,one_sided,"F1 flatters it: rank 7/18 on F1 vs 10/18 on AUC, abstains on 5.7%"
pendulum,mode_sep,0.5,500,8,48770,100,0.3863030551568587,0.9856964640778945,0.9826774289175203,0.042530479803157675,0.17578285738869745,0.170820,kt_count,31897,0.9885936172794563,0.08398605700225549,per_point,one_sided,F1 and AUC agree (rank 9/18 vs 11/18)
pendulum,fm_disp_gdiv_d05,campaignA,500,4,48770,100,0.3863030551568587,0.9843842000761862,0.9812168725849777,0.05637014353085914,0.2202808318353097,0.215318,kt_count,28995,0.9844450303190088,0.11632150912446176,per_point,one_sided,F1 and AUC agree (rank 12/18 vs 12/18)
pendulum,entropy_tiebreak,1.0,500,8,48770,100,0.3863030551568587,0.9829938974734395,0.9794508048687622,0.04306292187820381,0.17449230125492898,0.169530,kt_count,25485,0.9891626217297066,0.41921263071560383,per_point,one_sided,"F1 flatters it: rank 8/18 on F1 vs 13/18 on AUC, abstains on 41.9%"
pendulum,fm_disp_prop_d10,campaignA,500,4,48770,100,0.3863030551568587,0.975147638367798,0.970525667826223,0.046595743284806236,0.20207983313350678,0.197117,kt_count,33264,0.9650115231510581,0.04441254869797007,per_point,one_sided,F1 and AUC agree (rank 16/18 vs 14/18)
pendulum,entropy,1.0,500,8,48770,100,0.3863030551568587,0.9706950178512779,0.960462216331483,0.07718085298339142,0.27623627022924047,0.271273,kt_count,25230,0.9851680279572516,0.5425466475292188,per_point,one_sided,"F1 flatters it: rank 11/18 on F1 vs 15/18 on AUC, abstains on 54.3%"
pendulum,mode_sep,1.0,500,8,48770,100,0.3863030551568587,0.9589156652145877,0.9518180640201135,0.06585965757637892,0.2790598356501965,0.274097,kt_count,34089,0.9870816400700432,0.12589706786959196,per_point,one_sided,"F1 flatters it: rank 10/18 on F1 vs 16/18 on AUC, abstains on 12.6%"
pendulum,fm_disp_gdiv_d10,campaignA,500,4,48770,100,0.3863030551568587,0.912161336465908,0.8902200667918548,0.22326482058642608,0.8149402284028953,0.809977,kt_count,31495,0.9104351499788761,0.38886610621283574,per_point,one_sided,F1 and AUC agree (rank 17/18 vs 17/18)
pendulum,fm_disp_greedy_d10,campaignA,500,4,48770,100,0.3863030551568587,0.724043721443453,0.5905986369598815,0.3012934754972319,1.3183515071403467,1.313389,kt_count,34942,0.4289855072463768,0.6469755997539471,per_point,one_sided,F1 and AUC agree (rank 18/18 vs 18/18)
cartpole,clf_adaptive,-,1000,7,115242,1,0.18000381805244617,0.9995243108555435,0.9979567222099122,0.008102767763421309,0.03579846889217006,0.035798,clip,35786,0.9918788851012633,0.016608528140782005,per_point,one_sided,F1 and AUC agree (rank 2/12 vs 1/12)
cartpole,fm_ranked,baseline,1000,14,115242,20,0.18000381805244617,0.9989189872973763,0.9966790437007731,0.004782284236649831,0.039004275070228,0.014907,kt_count,111037,0.9923861657128639,0.01642630291039725,mc_cache_K20,two_sided,F1 and AUC agree (rank 1/12 vs 2/12)
cartpole,fm_direct,baseline,1000,14,115242,20,0.18000381805244617,0.9983580684155462,0.9956754108302678,0.004669673382968014,0.0387249831489432,0.014627,kt_count,111490,0.9896443043674021,0.00986619461654605,mc_cache_K20,two_sided,F1 and AUC agree (rank 3/12 vs 3/12)
cartpole,partx,-,1000,14,115242,1,0.18000381805244617,0.9971796503352193,0.9865094151047014,0.01552476976848174,0.056440627963266335,0.056441,clip,5336,0.9598455794580042,0.01594036896270457,per_point,one_sided,"under-rated by F1: rank 11/12 on F1 vs 4/12 on AUC - a threshold problem, retunable"
cartpole,clf_nonadapt,-,1000,7,115242,1,0.18000381805244617,0.9955085025703893,0.9823923071891457,0.040204939480177275,0.1636496894801039,0.163650,clip,0,0.983731053005279,0.08153277450929348,per_point,one_sided,"under-rated by F1: rank 8/12 on F1 vs 5/12 on AUC - a threshold problem, retunable"
cartpole,fm_nonadapt,baseline,1000,14,115242,20,0.18000381805244617,0.9844886106996863,0.9654325471572031,0.01952224449419482,0.08551652699960191,0.061419,kt_count,104131,0.9838595066490712,0.0758664375835199,mc_cache_K20,two_sided,F1 and AUC agree (rank 7/12 vs 6/12)
cartpole,fm_disp_prop_d05,campaignA,1000,7,115242,100,0.18000381805244617,0.9768569854036255,0.9505777715114572,0.04237544558407526,0.15099010952930425,0.146027,kt_count,95317,0.9849070128628887,0.12197809826278613,per_point,two_sided,F1 and AUC agree (rank 5/12 vs 7/12)
cartpole,fm_disp_gdiv_d05,campaignA,1000,7,115242,100,0.18000381805244617,0.9736037094021428,0.9415028572075438,0.04658296194095903,0.16570686488936706,0.160744,kt_count,95436,0.9844140122569419,0.1323128720431787,per_point,two_sided,F1 and AUC agree (rank 6/12 vs 8/12)
cartpole,fm_disp_greedy_d05,campaignA,1000,7,115242,100,0.18000381805244617,0.9587266690499888,0.9150844888877864,0.05598309817601222,0.20879634092941426,0.203834,kt_count,94585,0.9679726873679078,0.15505631627358082,per_point,two_sided,F1 and AUC agree (rank 10/12 vs 9/12)
cartpole,fm_disp_prop_d10,campaignA,1000,7,115242,100,0.18000381805244617,0.9235789194566417,0.837271883079337,0.09121259089568039,0.3384046197348218,0.333442,kt_count,90405,0.978618674050146,0.4269971017510977,per_point,two_sided,F1 and AUC agree (rank 9/12 vs 10/12)
cartpole,fm_disp_gdiv_d10,campaignA,1000,7,115242,100,0.18000381805244617,0.9030207995513623,0.8277342683736767,0.10771544749310147,0.4162609846543698,0.411298,kt_count,95758,0.9872853000223064,0.3210808559379393,per_point,two_sided,"F1 flatters it: rank 4/12 on F1 vs 11/12 on AUC, abstains on 32.1%"
cartpole,fm_disp_greedy_d10,campaignA,1000,7,115242,100,0.18000381805244617,0.7897864053293586,0.6103138059358371,0.12777534492632894,0.5582493074506122,0.553287,kt_count,95334,0.909423604757548,0.4713646066538241,per_point,one_sided,F1 and AUC agree (rank 12/12 vs 12/12)
cartpole,entropy,1.0,1000,14,115242,100,,,,,,,,,0.9967415191088433,0.17933565887436873,none,,"unscorable: no per-point probabilities, MC cache or checkpoints on disk"
cartpole,entropy,0.5,1000,14,115242,100,,,,,,,,,0.9948389393130451,0.06654691865812812,none,,"unscorable: no per-point probabilities, MC cache or checkpoints on disk"
cartpole,mode_sep,0.5,1000,14,115242,100,,,,,,,,,0.9942559546603356,0.06312802624043318,none,,"unscorable: no per-point probabilities, MC cache or checkpoints on disk"
cartpole,mode_sep,1.0,1000,14,115242,100,,,,,,,,,0.993697065195982,0.06678988563197445,none,,"unscorable: no per-point probabilities, MC cache or checkpoints on disk"
cartpole,entropy_tiebreak,0.5,1000,14,115242,100,,,,,,,,,0.9922460517102772,0.02584995053886604,none,,"unscorable: no per-point probabilities, MC cache or checkpoints on disk"
cartpole,entropy_tiebreak,1.0,1000,14,115242,100,,,,,,,,,0.9873915857605178,0.08637475920237414,none,,"unscorable: no per-point probabilities, MC cache or checkpoints on disk"
quad2d,clf_adaptive,-,12000,9,479789,1,0.08010813086585979,0.9916387316651373,0.9137877939173706,0.0423531388626859,0.14012331005798426,0.140123,clip,6481,0.8653305203938116,0.10741596826938508,per_point,one_sided,"under-rated by F1: rank 14/16 on F1 vs 1/16 on AUC - a threshold problem, retunable"
quad2d,clf_nonadapt,-,12000,9,479789,1,0.08010813086585979,0.9880111939482156,0.8716804141349038,0.03716166993643732,0.1211293860013858,0.121129,clip,25180,0.9094645373414749,0.11530485275819162,per_point,one_sided,"under-rated by F1: rank 12/16 on F1 vs 2/16 on AUC - a threshold problem, retunable"
quad2d,fm_direct,baseline,7608,9,479789,100,0.08010813086585979,0.9872492336237968,0.9333763836937015,0.015729000456450648,0.05841204957724244,0.053449,kt_count,424637,0.9634037644838253,0.11726821581987082,per_point,two_sided,F1 and AUC agree (rank 4/16 vs 3/16)
quad2d,fm_ranked,baseline,12000,9,479789,100,0.08010813086585979,0.9862645296353874,0.9262797338083161,0.01679706558508011,0.061948365291360476,0.056986,kt_count,425496,0.9527512328879248,0.09153815531410682,per_point,two_sided,F1 and AUC agree (rank 6/16 vs 4/16)
quad2d,entropy_tiebreak,1.0,12000,9,479789,100,0.08010813086585979,0.983742549688912,0.9145813769901172,0.019908495401103402,0.07202409774202284,0.067061,kt_count,421333,0.9417135096389633,0.15641875907951203,per_point,two_sided,F1 and AUC agree (rank 7/16 vs 5/16)
quad2d,fm_disp_gdiv_d10,campaignA,11500,19,479789,100,0.08010813086585979,0.9833627849935416,0.9010093978544123,0.022424165205955113,0.07792150042519118,0.072959,kt_count,420357,0.9316235226565865,0.17113772929350193,per_point,two_sided,"under-rated by F1: rank 10/16 on F1 vs 6/16 on AUC - a threshold problem, retunable"
quad2d,entropy,0.5,12000,9,479789,100,0.08010813086585979,0.9818713808606824,0.914346065423815,0.019531547409382042,0.07169081663055922,0.066728,kt_count,425201,0.939672942146489,0.11406264003551561,per_point,two_sided,F1 and AUC agree (rank 8/16 vs 7/16)
quad2d,fm_disp_gdiv_d05,campaignA,11500,19,479789,100,0.08010813086585979,0.981540005080066,0.894368929007411,0.023345608590442882,0.08173790566051096,0.076775,kt_count,423420,0.975857073877354,0.3610149461534133,per_point,one_sided,"F1 flatters it: rank 2/16 on F1 vs 8/16 on AUC, abstains on 36.1%"
quad2d,entropy,1.0,12000,9,479789,100,0.08010813086585979,0.9809242610511183,0.9129625235733088,0.01931920865213667,0.07125370326263099,0.066291,kt_count,427514,0.9838317576693034,0.3509000831615564,per_point,one_sided,"F1 flatters it: rank 1/16 on F1 vs 9/16 on AUC, abstains on 35.1%"
quad2d,entropy_tiebreak,0.5,12000,9,479789,100,0.08010813086585979,0.980837734767868,0.9091781191614606,0.02033033291717818,0.07427058943832898,0.069308,kt_count,424687,0.9384071995355139,0.12086771476628268,per_point,two_sided,F1 and AUC agree (rank 9/16 vs 10/16)
quad2d,fm_disp_prop_d10,campaignA,11500,19,479789,100,0.08010813086585979,0.9793452976783102,0.8903474570315243,0.023519408740092004,0.08285917245780418,0.077896,kt_count,422161,0.8969337114498405,0.14674367273947506,per_point,two_sided,F1 and AUC agree (rank 13/16 vs 11/16)
quad2d,fm_disp_greedy_d05,campaignA,11500,19,479789,100,0.08010813086585979,0.9781999165312038,0.8832981957252608,0.025086633707734028,0.08790564541917711,0.082943,kt_count,425847,0.9551196597473497,0.2854546477722499,per_point,two_sided,"F1 flatters it: rank 5/16 on F1 vs 12/16 on AUC, abstains on 28.5%"
quad2d,fm_nonadapt,baseline,12000,9,479789,100,0.08010813086585979,0.9773909668606687,0.8908928800189089,0.023479718376202868,0.08459410842075521,0.079631,kt_count,424085,0.9094697716329232,0.12549058023422796,per_point,two_sided,F1 and AUC agree (rank 11/16 vs 13/16)
quad2d,fm_disp_prop_d05,campaignA,11500,19,479789,100,0.08010813086585979,0.9754776580267398,0.8872491290768556,0.022799583566942967,0.08375152441839338,0.078789,kt_count,426645,0.9643309256087572,0.3633222103883165,per_point,one_sided,"F1 flatters it: rank 3/16 on F1 vs 14/16 on AUC, abstains on 36.3%"
quad2d,partx,-,4612,3,479789,1,0.08010813086585979,0.9730271408218575,0.7978778021643839,0.03356050717481049,0.11080886428833857,0.110809,clip,0,0.6359474641664834,0.021294777495940925,per_point,one_sided,F1 and AUC agree (rank 16/16 vs 15/16)
quad2d,fm_disp_greedy_d10,campaignA,11500,19,479789,100,0.08010813086585979,0.9693140659783084,0.8599511652919144,0.02747022211847292,0.09877559664028251,0.093813,kt_count,422242,0.8632990545071005,0.14069309634026625,per_point,two_sided,F1 and AUC agree (rank 15/16 vs 16/16)
quad2d,mode_sep,0.5,12000,9,479789,100,,,,,,,,,0.9833130732677643,0.35333657086761056,none,,"unscorable: no per-point probabilities, MC cache or checkpoints on disk"
quad2d,mode_sep,1.0,12000,9,479789,100,,,,,,,,,0.9361654866028043,0.13183920431689763,none,,"unscorable: no per-point probabilities, MC cache or checkpoints on disk"
