level,arm,train_size,n_points,K,M,KL,brier_raw,brier_debiased,brier_debiased_se,sAUROC,F1,precision,recall,skill_score,MAE
det,fm,500,48770,100.0,inf,0.09818,0.026783,0.026423,0.000494,0.998608,0.957778,0.998216,0.920488,0.888543,0.062394
det,fm,1000,48770,100.0,inf,0.579059,0.166714,0.166282,0.001435,0.965785,0.623099,0.951079,0.463323,0.298603,0.209497
det,fm,2000,48770,100.0,inf,0.131328,0.035686,0.035004,0.000359,0.999499,0.970261,0.99826,0.94379,0.852348,0.103192
det,fm,4000,48770,100.0,inf,0.054991,0.013252,0.012949,0.000261,0.999829,0.984637,0.998418,0.971231,0.945378,0.043254
det,fm,6000,48770,100.0,inf,0.044612,0.010552,0.010314,0.000263,0.999747,0.985197,0.997443,0.973248,0.956493,0.034109
det,fm_outcome,500,48770,,inf,0.066033,0.015486,0.015486,0.000481,0.997055,0.975103,0.959133,0.991614,0.93468,0.022266
det,fm_outcome,1000,48770,,inf,0.035675,0.008512,0.008512,0.000342,0.999197,0.985785,0.986965,0.984607,0.964095,0.013848
det,fm_outcome,2000,48770,,inf,0.011971,0.00303,0.00303,0.000163,0.999887,0.9946,0.996854,0.992357,0.987218,0.007186
det,fm_outcome,4000,48770,,inf,0.008183,0.002044,0.002044,0.00013,0.999971,0.996471,0.996339,0.996603,0.991378,0.005069
det,fm_outcome,6000,48770,,inf,0.01001,0.00252,0.00252,0.000136,0.999959,0.995732,0.994651,0.996815,0.989369,0.00672
det,mlp,500,48770,,inf,0.077639,0.015335,0.015335,0.000517,0.998111,0.977578,0.961738,0.993949,0.935314,0.018251
det,mlp,1000,48770,,inf,0.038948,0.007663,0.007663,0.000366,0.998669,0.98855,0.984982,0.992144,0.967677,0.009152
det,mlp,2000,48770,,inf,0.010854,0.002609,0.002609,0.000196,0.999959,0.995643,0.996596,0.994692,0.988995,0.003825
det,mlp,4000,48770,,inf,0.010146,0.002525,0.002525,0.000191,0.999966,0.995632,0.993239,0.998036,0.989348,0.003678
det,mlp,6000,48770,,inf,0.037127,0.009409,0.009409,0.000378,0.999499,0.984659,0.969881,0.999894,0.960312,0.013014
tau_0.10,fm,500,48770,100.0,100.0,0.064768,0.015804,0.015509,0.000341,0.996402,0.968108,0.967966,0.968249,0.931171,0.042952
tau_0.10,fm,1000,48770,100.0,100.0,0.029643,0.006915,0.006757,0.000239,0.998894,0.985729,0.990032,0.981464,0.970011,0.019737
tau_0.10,fm,2000,48770,100.0,100.0,0.01068,0.002516,0.002419,0.000121,0.999857,0.992394,0.996873,0.987955,0.989263,0.008982
tau_0.10,fm,4000,48770,100.0,100.0,0.007242,0.001456,0.001369,7.4e-05,0.999912,0.995195,0.997299,0.9931,0.993926,0.006635
tau_0.10,fm,6000,48770,100.0,100.0,0.005857,0.001234,0.00116,6.8e-05,0.999911,0.995371,0.997475,0.993276,0.994853,0.005142
tau_0.10,fm_outcome,500,48770,,100.0,0.080543,0.015423,0.0154,0.000493,0.994076,0.971506,0.959457,0.983862,0.931656,0.021034
tau_0.10,fm_outcome,1000,48770,,100.0,0.028723,0.005634,0.005611,0.000267,0.995827,0.987013,0.987475,0.986551,0.9751,0.010369
tau_0.10,fm_outcome,2000,48770,,100.0,0.018221,0.004193,0.00417,0.00021,0.999286,0.989019,0.990557,0.987487,0.981496,0.009452
tau_0.10,fm_outcome,4000,48770,,100.0,0.004075,0.000857,0.000833,5.7e-05,0.999929,0.996197,0.996897,0.995498,0.996301,0.003598
tau_0.10,fm_outcome,6000,48770,,100.0,0.003325,0.000635,0.000611,4.3e-05,0.99994,0.996718,0.998884,0.994562,0.997288,0.002864
tau_0.10,mlp,500,48770,,100.0,0.131931,0.024905,0.024882,0.000636,0.995171,0.957084,0.925928,0.99041,0.889577,0.031446
tau_0.10,mlp,1000,48770,,100.0,0.04037,0.010167,0.010143,0.000352,0.999054,0.977393,0.962999,0.992223,0.954985,0.016173
tau_0.10,mlp,2000,48770,,100.0,0.034617,0.006162,0.006139,0.000287,0.999534,0.98581,0.974573,0.99731,0.972756,0.009609
tau_0.10,mlp,4000,48770,,100.0,0.017235,0.003498,0.003474,0.000192,0.99987,0.990968,0.984421,0.997603,0.984583,0.006254
tau_0.10,mlp,6000,48770,,100.0,0.015152,0.003937,0.003914,0.000201,0.999881,0.988975,0.97892,0.99924,0.982631,0.007506
tau_0.15,fm,500,48770,100.0,100.0,0.121199,0.025642,0.02522,0.000483,0.990549,0.955127,0.989379,0.923166,0.885095,0.065748
tau_0.15,fm,1000,48770,100.0,100.0,0.048236,0.009241,0.009059,0.000308,0.994809,0.978755,0.991156,0.966661,0.958725,0.024303
tau_0.15,fm,2000,48770,100.0,100.0,0.021194,0.004862,0.004752,0.000204,0.998317,0.985659,0.98964,0.981709,0.978348,0.012308
tau_0.15,fm,4000,48770,100.0,100.0,0.008435,0.001772,0.001686,0.000104,0.999644,0.99276,0.991518,0.994005,0.99232,0.006508
tau_0.15,fm,6000,48770,100.0,100.0,0.005952,0.001266,0.001177,6.6e-05,0.999819,0.993774,0.991535,0.996024,0.994636,0.005604
tau_0.15,fm_outcome,500,48770,,100.0,0.061443,0.012856,0.012822,0.00041,0.994567,0.97136,0.982358,0.960604,0.941581,0.020516
tau_0.15,fm_outcome,1000,48770,,100.0,0.054302,0.010998,0.010964,0.000366,0.995421,0.973888,0.987609,0.960543,0.950045,0.019223
tau_0.15,fm_outcome,2000,48770,,100.0,0.023404,0.004375,0.004341,0.000214,0.998201,0.987914,0.995897,0.980058,0.980221,0.009779
tau_0.15,fm_outcome,4000,48770,,100.0,0.010871,0.002977,0.002943,0.000155,0.999719,0.98901,0.987141,0.990885,0.986591,0.00769
tau_0.15,fm_outcome,6000,48770,,100.0,0.004058,0.00092,0.000886,5.6e-05,0.999876,0.994655,0.993289,0.996024,0.995962,0.003805
tau_0.15,mlp,500,48770,,100.0,0.058322,0.012218,0.012184,0.000414,0.998078,0.973237,0.958151,0.988805,0.944487,0.018569
tau_0.15,mlp,1000,48770,,100.0,0.045073,0.008219,0.008185,0.000331,0.997388,0.980824,0.97915,0.982504,0.962707,0.012938
tau_0.15,mlp,2000,48770,,100.0,0.027938,0.006211,0.006177,0.00026,0.998929,0.982677,0.97307,0.992476,0.971856,0.011927
tau_0.15,mlp,4000,48770,,100.0,0.012626,0.002671,0.002637,0.000154,0.99972,0.991575,0.989641,0.993516,0.987984,0.00628
tau_0.15,mlp,6000,48770,,100.0,0.019004,0.005236,0.005203,0.000207,0.999861,0.984159,0.969271,0.999511,0.976297,0.010442
tau_0.30,fm,500,48770,100.0,100.0,0.076039,0.017548,0.017176,0.000338,0.99522,0.961285,0.990041,0.934152,0.915999,0.050406
tau_0.30,fm,1000,48770,100.0,100.0,0.021314,0.004693,0.004504,0.00016,0.998787,0.983908,0.984347,0.983469,0.977971,0.017293
tau_0.30,fm,2000,48770,100.0,100.0,0.010445,0.001945,0.001798,8.5e-05,0.999403,0.990387,0.991408,0.989368,0.991208,0.010152
tau_0.30,fm,4000,48770,100.0,100.0,0.006797,0.001102,0.000977,4.7e-05,0.999494,0.993793,0.993759,0.993827,0.99522,0.006817
tau_0.30,fm,6000,48770,100.0,100.0,0.003558,0.000564,0.000458,2.9e-05,0.999666,0.995957,0.994935,0.996982,0.997761,0.003871
tau_0.30,fm_outcome,500,48770,,100.0,0.071484,0.013532,0.013482,0.000435,0.992105,0.965735,0.97671,0.955004,0.934062,0.021242
tau_0.30,fm_outcome,1000,48770,,100.0,0.01722,0.003579,0.003529,0.000184,0.999045,0.987214,0.986707,0.987722,0.982739,0.008628
tau_0.30,fm_outcome,2000,48770,,100.0,0.012807,0.002719,0.002669,0.000129,0.999271,0.988458,0.984223,0.992729,0.986945,0.00763
tau_0.30,fm_outcome,4000,48770,,100.0,0.006677,0.001071,0.001021,7.2e-05,0.999664,0.994281,0.992886,0.995679,0.995008,0.004572
tau_0.30,fm_outcome,6000,48770,,100.0,0.003341,0.000535,0.000485,3.4e-05,0.999763,0.995615,0.994592,0.996639,0.997626,0.003224
tau_0.30,mlp,500,48770,,100.0,0.298993,0.066643,0.066593,0.000988,0.992177,0.874057,0.787609,0.981823,0.674317,0.085297
tau_0.30,mlp,1000,48770,,100.0,0.042216,0.008165,0.008115,0.000305,0.999134,0.977037,0.959526,0.995199,0.96031,0.01429
tau_0.30,mlp,2000,48770,,100.0,0.027402,0.005083,0.005033,0.0002,0.999333,0.983055,0.973436,0.992866,0.975383,0.010905
tau_0.30,mlp,4000,48770,,100.0,0.028838,0.007162,0.007112,0.000232,0.999671,0.976206,0.954394,0.99904,0.965219,0.014624
tau_0.30,mlp,6000,48770,,100.0,0.026016,0.00582,0.00577,0.000218,0.999544,0.979404,0.959892,0.999726,0.971781,0.012309
tau_0.50,fm,500,48770,100.0,100.0,0.069056,0.015823,0.015468,0.000316,0.992733,0.945097,0.985822,0.907602,0.915506,0.043873
tau_0.50,fm,1000,48770,100.0,100.0,0.026694,0.004878,0.004604,0.000117,0.996712,0.979922,0.993015,0.96717,0.974848,0.021366
tau_0.50,fm,2000,48770,100.0,100.0,0.007401,0.001075,0.000865,3e-05,0.999108,0.990645,0.992849,0.98845,0.995275,0.009074
tau_0.50,fm,4000,48770,100.0,100.0,0.006053,0.000977,0.000781,2.9e-05,0.999131,0.990591,0.990043,0.99114,0.995733,0.007564
tau_0.50,fm,6000,48770,100.0,100.0,0.004365,0.000643,0.000453,2.6e-05,0.999248,0.992641,0.992955,0.992327,0.997525,0.005843
tau_0.50,fm_outcome,500,48770,,100.0,0.037441,0.008012,0.007927,0.000248,0.997092,0.965834,0.984153,0.948184,0.956696,0.019615
tau_0.50,fm_outcome,1000,48770,,100.0,0.01133,0.001797,0.001712,7.4e-05,0.998893,0.987742,0.993913,0.981647,0.990647,0.0081
tau_0.50,fm_outcome,2000,48770,,100.0,0.005613,0.001061,0.000976,3.2e-05,0.999249,0.989925,0.988792,0.991061,0.994668,0.00758
tau_0.50,fm_outcome,4000,48770,,100.0,0.005273,0.00094,0.000855,3.5e-05,0.999263,0.991062,0.986595,0.99557,0.99533,0.006486
tau_0.50,fm_outcome,6000,48770,,100.0,0.003087,0.000498,0.000413,1.9e-05,0.999346,0.992985,0.989398,0.996598,0.997745,0.004524
tau_0.50,mlp,500,48770,,100.0,0.058681,0.011055,0.01097,0.000333,0.997792,0.962853,0.950027,0.97603,0.940074,0.02072
tau_0.50,mlp,1000,48770,,100.0,0.068962,0.01583,0.015745,0.000396,0.998632,0.950726,0.910077,0.995174,0.913993,0.02761
tau_0.50,mlp,2000,48770,,100.0,0.108366,0.024644,0.024559,0.000521,0.998885,0.92993,0.869036,1.0,0.865843,0.039592
tau_0.50,mlp,4000,48770,,100.0,0.05652,0.014827,0.014742,0.000361,0.99919,0.949808,0.904414,1.0,0.919469,0.027078
tau_0.50,mlp,6000,48770,,100.0,0.050452,0.014718,0.014633,0.000323,0.999225,0.945652,0.896906,1.0,0.920063,0.029833
